title,journal,volume,year,citation,doi,link,authors,group_authors,n_authors
Quantitative mapping of glycosaminoglycan secondary structure driven by sulfation and iduronic acid,Glycobiology,36,2026,Glycobiology 36 (10): cwag064 (2026),10.1093/glycob/cwag064,http://dx.doi.org/10.1093/glycob/cwag064,M. Riopedre Fernández; D. Biriukov; H. Martinez-Seara,M. Riopedre Fernández; D. Biriukov; H. Martinez-Seara,3
Vesicle internalization proceeds via a morphological phase transition,Soft Matter,22,2026,Soft Matter 22 (33): 5630–5639 (2026),10.1039/d6sm00560h,http://dx.doi.org/10.1039/d6sm00560h,I. Schachter; P. Jungwirth; D. Harries,I. Schachter; P. Jungwirth,3
"An End-User Audit of Reproducibility, Data Leakage, and Overfitting of the Top-Ranked ADMET Prediction Models in TDC Leaderboards",Journal of Chemical Information and Modeling,66,2026,Journal of Chemical Information and Modeling 66 (14): 8045–8058 (2026),10.1021/acs.jcim.6c00819,http://dx.doi.org/10.1021/acs.jcim.6c00819,I. Koleiev; R. Stratiichuk; N. Shevchuk; M. Melnychenko; A. Nyporko; D. Todoryshyn; V. Husak; S. Starosyla; S. Yesylevskyy; A. Nafiiev,S. Yesylevskyy,10
Stringent selection drives convergence toward omicron-like SARS-CoV-2 receptor-binding motifs,Nature Communications,17,2026,Nature Communications 17: 5712 (2026),10.1038/s41467-026-72312-z,http://dx.doi.org/10.1038/s41467-026-72312-z,A. Shoshany; R. Tian; M. Padilla-Blanco; A. Hruška; K. L. Baxová; E. Zoler; M. Mokrejš; G. Schreiber; J. Zahradník,K. L. Baxová,9
Proton Sharing in Polycarboxylic Acids in Aqueous Solution,JACS Au,6,2026,JACS Au 6 (6): 3349–3355 (2026),10.1021/jacsau.6c00377,http://dx.doi.org/10.1021/jacsau.6c00377,L. Tomaník; J. Tůma; G. Öhrwall; R. Golnak; N. L. Le Nguyen; B. Credidio; H. Kaur; P. Slavíček; B. Winter; H. C. Schewe,N. L. Le Nguyen; H. C. Schewe,10
Dark Side of Escherichia coli Biogenic Inner Membrane: Overabundance of Three Main Phospholipids on Cytoplasmic Leaflet,Journal of the American Chemical Society,148,2026,Journal of the American Chemical Society 148 (23): 24455–24476 (2026),10.1021/jacs.6c06591,http://dx.doi.org/10.1021/jacs.6c06591,K. Sawasato; N. Bogdanova; W. Dowhan; S. Yesylevskyy; M. Bogdanov,S. Yesylevskyy,5
"A Tutorial on Mechanistic Modeling of Nonstatistical Reactivity: Example of Light and Heat Effects in the Garratt–Braverman/[1,5]-H Shift of Ene-diallenes",ACS Physical Chemistry Au,6,2026,ACS Physical Chemistry Au 6 (3): 393–407 (2026),10.1021/acsphyschemau.6c00003,http://dx.doi.org/10.1021/acsphyschemau.6c00003,T. Rožić; Y. Hou; L. K. Northcote; C. M. Pedersen; G. C. Solomon,T. Rožić,5
Bayesian Learning for Accurate and Robust Biomolecular Force Fields,Journal of Chemical Theory and Computation,22,2026,Journal of Chemical Theory and Computation 22 (5): 2652–2663 (2026),10.1021/acs.jctc.5c02051,http://dx.doi.org/10.1021/acs.jctc.5c02051,V. Košťál; B. Shanks; P. Jungwirth; H. Martinez-Seara,V. Košťál; B. Shanks; P. Jungwirth; H. Martinez-Seara,4
ArtiDock: Accurate Machine Learning Approach to Protein–Ligand Docking Optimized for High-Throughput Virtual Screening,Journal of Chemical Information and Modeling,66,2026,Journal of Chemical Information and Modeling 66 (4): 2117–2128 (2026),10.1021/acs.jcim.5c02777,http://dx.doi.org/10.1021/acs.jcim.5c02777,T. Voitsitskyi; I. Koleiev; O. Kot; R. Kyrylenko; I. Savchenko; V. Husak; S. Yesylevskyy; S. Starosyla; A. Nafiiev,S. Yesylevskyy,9
Transient formation of supramolecular complexes between hyaluronan and oligopeptides at submicromolar concentration,Communications Chemistry,9,2026,Communications Chemistry 9: 34 (2026),10.1038/s42004-025-01834-2,http://dx.doi.org/10.1038/s42004-025-01834-2,M. Riopedre Fernández; B. Chu; A. Kuffel; A. Marchioro; D. Biriukov; H. Martinez-Seara,M. Riopedre Fernández; D. Biriukov; H. Martinez-Seara,6
"Guanidinium Like-Charge Ion Pairing and Oligoarginine Aggregation in Water by Nuclear Magnetic Resonance, Cryo-Electron Microscopy, and Molecular Dynamics",Aggregate,7,2026,Aggregate 7 (2): e70276 (2026),10.1002/agt2.70276,http://dx.doi.org/10.1002/agt2.70276,D. Biriukov; Z. Osifová; M. H. T. Nguyen; P. E. Mason; M. Dračínský; P. Jungwirth; J. Heyda; M. Morandi; M. Vazdar,D. Biriukov; P. E. Mason; P. Jungwirth,9
Vestibular asymmetry in caloric and video head impulse testing: Do we interpret it correctly?,Journal of Vestibular Research,36,2026,Journal of Vestibular Research 36 (1): 3–14 (2026),10.1177/09574271251336143,http://dx.doi.org/10.1177/09574271251336143,M. Stříteská; D. Wexler; O. Ticháček; A. Mohamad; M. Chovanec; E. Schneider,O. Ticháček,6
Lidské ucho v počítači,Vesmír,104,2025,Vesmír 104: 622-625 (2025),,https://vesmir.cz/cz/casopis/archiv-casopisu/2025/cislo-11/lidske-ucho-pocitaci.html,O. Ticháček; P. Jungwirth,O. Ticháček; P. Jungwirth,2
Why good quality water models have a surprisingly wide range of dielectric constants,Journal of Chemical Physics,163,2025,Journal of Chemical Physics 163: 194106  (2025),10.1063/5.0299233,http://dx.doi.org/10.1063/5.0299233,V. Cruces Chamorro; P. Jungwirth; H. Martinez-Seara,V. Cruces Chamorro; P. Jungwirth; H. Martinez-Seara,3
Physics-Informed Gaussian Process Inference of Liquid Structure from Scattering Data,Journal of Physical Chemistry B,129,2025,Journal of Physical Chemistry B 129 (45): 11802–11815 (2025),10.1021/acs.jpcb.5c05024,http://dx.doi.org/10.1021/acs.jpcb.5c05024,H. W. Sullivan; M. Červenka; B. Shanks; M. P. Hoepfner,M. Červenka; B. Shanks,4
Milligram-Scale Enzymatic Synthesis of Base-Modified DNA through Primer Extension: Polymerase Synthesis and NMR Structures of DNA Containing Phenyl-Substituted Nucleobases,ChemistryEurope,3,2025,ChemistryEurope 3 (6): e202500186 (2025),10.1002/ceur.202500186,http://dx.doi.org/10.1002/ceur.202500186,V. Raindlová; K. Viktorinová; M. Tichý; L. Bednárová; P. Srb; M. Riopedre Fernández; M. Hocek,M. Riopedre Fernández,7
Sampling and Ranking of Protein Conformations Using Machine Learning Techniques Do Not Improve the Quality of Rigid Protein–Protein Docking,Journal of Chemical Information and Modeling,65,2025,Journal of Chemical Information and Modeling 65 (19): 10167–10179 (2025),10.1021/acs.jcim.5c01765,http://dx.doi.org/10.1021/acs.jcim.5c01765,R. Stratiichuk; R. Kyrylenko; I. Koleiev; I. Savchenko; T. Voitsitskyi; V. Husak; S. Yesylevskyy; S. Starosyla; A. Nafiiev,S. Yesylevskyy,9
Charge Scaling Force Field for Biologically Relevant Ions Utilizing a Global Optimization Method,Journal of Chemical Theory and Computation,21,2025,Journal of Chemical Theory and Computation 21 (18): 9023–9034 (2025),10.1021/acs.jctc.5c00873,http://dx.doi.org/10.1021/acs.jctc.5c00873,S. Fan; P. E. Mason; V. Cruces Chamorro; B. Shanks; H. Martinez-Seara; P. Jungwirth,S. Fan; P. E. Mason; V. Cruces Chamorro; B. Shanks; H. Martinez-Seara; P. Jungwirth,6
Porphyrins as a Platform for Lithium-Selective Two-Dimensional Membranes,Journal of Physical Chemistry Letters,16,2025,Journal of Physical Chemistry Letters 16 (36): 9408–9413 (2025),10.1021/acs.jpclett.5c01874,http://dx.doi.org/10.1021/acs.jpclett.5c01874,A. Habajec; M. Vitek; D. Biriukov; I. Rončević,M. Vitek; D. Biriukov,4
Leveraging large language models for literature-driven prioritization of protein binding pockets,Bioinformatics,41,2025,Bioinformatics 41 (8): btaf449 (2025),10.1093/bioinformatics/btaf449,http://dx.doi.org/10.1093/bioinformatics/btaf449,R. Stratiichuk; M. Melnychenko; I. Koleiev; T. Voitsitskyi; V. Husak; N. Shevchuk; Z. Ostrovsky; V. Bdzhola; S. Yesylevskyy; S. Starosyla; A. Nafiiev,S. Yesylevskyy,11
NMR-Derived Salt Bridges in Insulin Analogue: Resolving Artifactual Overbinding in Molecular Dynamics via Charge Scaling,Journal of Physical Chemistry Letters,16,2025,Journal of Physical Chemistry Letters 16 (29): 7436–7442 (2025),10.1021/acs.jpclett.5c01786,http://dx.doi.org/10.1021/acs.jpclett.5c01786,N. L. Le Nguyen; J. Žák; P. Jungwirth; M. Lepšík,N. L. Le Nguyen; P. Jungwirth,4
Neural Network Models for Prediction of Biological Activity using Molecular Dynamics Data: A Case of Photoswitchable Peptides,Molecular Informatics,44,2025,Molecular Informatics 44 (7): e70001 (2025),10.1002/minf.70001,http://dx.doi.org/10.1002/minf.70001,A. Cherednichenko; S. Afonin; O. Babii; T. Voitsitskyi; R. Stratiichuk; I. Koleiev; V. Vozniak; N. Shevchuk; Z. Ostrovsky; S. Yesylevskyy; A. Nafiiev; S. Starosyla; A. S. Ulrich; A. Jirgensons; I. V. Komarov,S. Yesylevskyy,15
Cation−π Interactions in Biomolecular Contexts by Neutron Scattering and Molecular Dynamics: A Case Study of the Tetramethylammonium Cation,Journal of Physical Chemistry B,129,2025,Journal of Physical Chemistry B 129 (27): 6911–6918 (2025),10.1021/acs.jpcb.5c02001,http://dx.doi.org/10.1021/acs.jpcb.5c02001,M. Červenka; B. Shanks; P. E. Mason; P. Jungwirth,M. Červenka; B. Shanks; P. E. Mason; P. Jungwirth,4
Lipid demixing reduces energy barriers for high-curvature vesicle budding,Biophysical Journal,124,2025,Biophysical Journal 124 (11): 1741–1746 (2025),10.1016/j.bpj.2024.12.012,http://dx.doi.org/10.1016/j.bpj.2024.12.012,I. Schachter,I. Schachter,1
Rapid flipping between electrolyte and metallic states in ammonia solutions of alkali metals,Nature Communications,16,2025,Nature Communications 16: 4302 (2025),10.1038/s41467-025-59071-z,http://dx.doi.org/10.1038/s41467-025-59071-z,M. Vitek; I. Rončević; O. Maršálek; H. C. Schewe; P. Jungwirth,M. Vitek; H. C. Schewe; P. Jungwirth,5
Synthesis of Ethylphosphonate Curcumin Mimics: Substituents Allow Switching Between Cytotoxic and Cytoprotective Activities,Antioxidants,14,2025,Antioxidants 14 (4): 412 (2025),10.3390/antiox14040412,http://dx.doi.org/10.3390/antiox14040412,V. Romanucci; R. Pagano; S. C. Koeberle; A. Koeberle; M. B. Hoang; S. Di Gaetano; D. Capasso; M. F. M. Sciacca; V. Lanza; C. Tempra; F. Lolicato; A. Zarrelli; D. Milardi; G. Di Fabio,C. Tempra,14
Experimental evidence of quantum Drude oscillator behavior in liquids revealed with probabilistic iterative Boltzmann inversion,Journal of Chemical Physics,162,2025,Journal of Chemical Physics 162 (16): 164501 (2025),10.1063/5.0260274,http://dx.doi.org/10.1063/5.0260274,B. L. Shanks; H. W. Sullivan; P. Jungwirth; M. P. Hoepfner,B. L. Shanks; P. Jungwirth,4
Role of Divalent Ions in Membrane Models of Polymyxin-Sensitive and Resistant Gram-Negative Bacteria,Journal of Chemical Information and Modeling,65,2025,Journal of Chemical Information and Modeling 65 (3): 1476–1491 (2025),10.1021/acs.jcim.4c01574,http://dx.doi.org/10.1021/acs.jcim.4c01574,M. Savenko; R. Vácha; C. Ramseyer; T. Rivel,M. Savenko,4
Ion pairing in aqueous tetramethylammonium–acetate solutions by neutron scattering and molecular dynamics simulations,Physical Chemistry Chemical Physics,27,2025,Physical Chemistry Chemical Physics 27 (5): 2553–2562 (2025),10.1039/D4CP04312J,http://dx.doi.org/10.1039/D4CP04312J,N. L. Le Nguyen; O. Ticháček; P. Jungwirth; H. Martinez-Seara; P. E. Mason; E. Duboué-Dijon,N. L. Le Nguyen; O. Ticháček; P. Jungwirth; H. Martinez-Seara; P. E. Mason,6
Global Aromatic Ring Currents in Neutral Porphyrin Nanobelts,ACS Nano,19,2025,ACS Nano 19 (1): 1405–1411 (2025),10.1021/acsnano.4c14100,http://dx.doi.org/10.1021/acsnano.4c14100,M. Vitek; J. Deng; H. L. Anderson; I. Rončević,M. Vitek,4
MolAR: Memory-Safe Library for Analysis of MD Simulations Written in Rust,Journal of Computational Chemistry,46,2025,Journal of Computational Chemistry 46 (1): e27536 (2025),10.1002/jcc.27536,http://dx.doi.org/10.1002/jcc.27536,S. Yesylevskyy,S. Yesylevskyy,1
A comparison of lipid diffusive dynamics in monolayers and bilayers in the context of interleaflet coupling,Biochimica et Biophysica Acta - Biomembranes,1867,2025,Biochimica et Biophysica Acta - Biomembranes 1867 (1): 184388 (2025),10.1016/j.bbamem.2024.184388,http://dx.doi.org/10.1016/j.bbamem.2024.184388,T. Mandal; N. Brandt; C. Tempra; M. Javanainen; B. Fábián; S. Chiantia,C. Tempra,6
Nanodomains enriched in arachidonic acid promote P2Y12 receptor oligomerization in the platelet plasma membrane,Biochimica et Biophysica Acta - Biomembranes,1867,2025,Biochimica et Biophysica Acta - Biomembranes 1867 (1): 184402 (2025),10.1016/j.bbamem.2024.184402,http://dx.doi.org/10.1016/j.bbamem.2024.184402,F. Allemand; S. Yesylevskyy; J. Lagoutte-Renosi; S. Davani; C. Ramseyer,S. Yesylevskyy,5
4-Oxo-β-lactams as Covalent Inhibitors of the Mitochondrial Intramembrane Protease PARL,ACS Medicinal Chemistry Letters,15,2024,ACS Medicinal Chemistry Letters 15 (12): 2101–2106 (2024),10.1021/acsmedchemlett.4c00384,http://dx.doi.org/10.1021/acsmedchemlett.4c00384,S. Ji; K. Bach; V. Miriyala; J. Dohnálek; M. Riopedre Fernández; M. Lepšík; M. van de Plassche; R. Vanhoutte; M. Barniol-Xicota; R. Moreira; K. Stříšovský; S. H. L. Verhelst,M. Riopedre Fernández,12
Bacterial extracellular vesicles as intranasal postbiotics: Detailed characterization and interaction with airway cells,Journal of Extracellular Vesicles,13,2024,Journal of Extracellular Vesicles 13 (10): e70004 (2024),10.1002/jev2.70004,http://dx.doi.org/10.1002/jev2.70004,A. Razim; A. Zabłocka; A. Schmid; M. Thaler; V. Černý; T. Weinmayer; B. Whitehead; A. Martens; M. Skalska; M. I. Morandi; K. Schmidt; M. E. Wysmołek; A. Végvári; D. Šrůtková; M. Schwarzer; L. Neuninger; P. Nejsum; J. Hrdý; J. Palmfeldt; M. Brucale; F. Valle; S. Górska; L. Wisgrill; A. Inic-Kanada; U. Wiedermann; I. Schabussova,M. I. Morandi,26
Ticagrelor increases its own potency at the P2Y12 receptor by directly changing the plasma membrane lipid order in platelets,British Journal of Pharmacology,181,2024,British Journal of Pharmacology 181 (21): 4369-4380 (2024),10.1111/bph.16500,http://dx.doi.org/10.1111/bph.16500,K. Pyrshev; F. Allemand; V. Rabani; S. Yesylevskyy; S. Davani; C. Ramseyer; J. Lagoutte-Renosi,S. Yesylevskyy,7
Assessing vitamin E acetate as a proxy for E-cigarette additives in a realistic pulmonary surfactant model,Scientific Reports,14,2024,Scientific Reports 14: 23805 (2024),10.1038/s41598-024-75301-8,http://dx.doi.org/10.1038/s41598-024-75301-8,H. Korolainen; A. Olżyńska; W. Pajerski; P. Chytrosz-Wrobel; I. Vattulainen; W. Kulig; L. Cwiklik,L. Cwiklik,7
From unbound to bound states: Ab initio molecular dynamics of ammonia clusters with an excess electron,Journal of Chemical Physics,164,2024,Journal of Chemical Physics 164 (14): 144302 (2024),10.1063/5.0224249,http://dx.doi.org/10.1063/5.0224249,V. Turčin; T. Nemirovich; D. Jungwirth,V. Turčin; T. Nemirovich; D. Jungwirth,3
Can the anaesthetic induced liquid-to-gel phase transition temperature depression be behind the molecular mechanism of general anaesthesia?,Journal of Molecular Liquids,414,2024,Journal of Molecular Liquids 414 (Part B) (2024),10.1016/j.molliq.2024.126122,http://dx.doi.org/10.1016/j.molliq.2024.126122,G. Hantal; S. Bánovská; B. Fábián; J. Mihály; P. Jedlovszky,B. Fábián,5
Can calmodulin bind to lipids of the cytosolic leaflet of plasma membranes?,Open Biology,14,2024,Open Biology 14 (9): 240067 (2024),10.1098/rsob.240067,http://dx.doi.org/10.1098/rsob.240067,F. Scollo; C. Tempra; H. Evci; M. Riopedre Fernández; A. Olżyńska; M. Javanainen; A. Uday; M. Cebecauer; L. Cwiklik; H. Martinez-Seara; P. Jungwirth; P. Jurkiewicz; M. Hof,C. Tempra; M. Riopedre Fernández; H. Martinez-Seara; P. Jungwirth,13
Developing and Benchmarking Sulfate and Sulfamate Force Field Parameters via Ab Initio Molecular Dynamics Simulations To Accurately Model Glycosaminoglycan Electrostatic Interactions,Journal of Chemical Information and Modeling,64,2024,Journal of Chemical Information and Modeling 64 (18): 7122–7134 (2024),10.1021/acs.jcim.4c00981,http://dx.doi.org/10.1021/acs.jcim.4c00981,M. Riopedre Fernández; V. Košťál; T. Martinek; H. Martinez-Seara; D. Biriukov,M. Riopedre Fernández; V. Košťál; T. Martinek; H. Martinez-Seara; D. Biriukov,5
Effective Inclusion of Electronic Polarization Improves the Description of Electrostatic Interactions: The prosECCo75 Biomolecular Force Field,Journal of Chemical Theory and Computation,20,2024,Journal of Chemical Theory and Computation 20 (17): 7546–7559 (2024),10.1021/acs.jctc.4c00743,http://dx.doi.org/10.1021/acs.jctc.4c00743,R. Nencini; C. Tempra; D. Biriukov; M. Riopedre Fernández; V. Cruces Chamorro; J. Polák; P. E. Mason; D. Ondo; J. Heyda; O. H. S. Ollila; P. Jungwirth; M. A. Javanainen; H. Martinez-Seara,R. Nencini; C. Tempra; D. Biriukov; M. Riopedre Fernández; V. Cruces Chamorro; P. E. Mason; P. Jungwirth; M. A. Javanainen; H. Martinez-Seara,13
OrganL: Dynamic triangulation of biomembranes using curved elements,Biophysical Journal,123,2024,Biophysical Journal 123 (12): 1553-1562 (2024),10.1016/j.bpj.2024.04.028,http://dx.doi.org/10.1016/j.bpj.2024.04.028,C. Allolio; B. Fábián; M. Dostalík,B. Fábián,3
Foldamers controlled by functional triamino acids: structural investigation of α/γ-hybrid oligopeptides,Communications Chemistry,7,2024,Communications Chemistry 7: 114 (2024),10.1038/s42004-024-01201-7,http://dx.doi.org/10.1038/s42004-024-01201-7,D. Just; V. Palivec; K. Bártová; L. Bednárová; M. Pazderková; I. Císařová; H. Martinez-Seara; U. Jahn,V. Palivec; H. Martinez-Seara,8
Integrating Computational Chemistry into Secondary School Lessons,Journal of Chemical Education,101,2024,Journal of Chemical Education 101 (6): 2343–2353 (2024),10.1021/acs.jchemed.3c00908,http://dx.doi.org/10.1021/acs.jchemed.3c00908,J. Hrubeš; A. Jaroš; T. Nemirovich; M. Teplá; S. Petrželová,T. Nemirovich,5
Diffusion Analyses along Mean and Gaussian-Curved Membranes with CurD,Journal of Physical Chemistry Letters,15,2024,Journal of Physical Chemistry Letters 15 (11): 3214–3220 (2024),10.1021/acs.jpclett.4c00338,http://dx.doi.org/10.1021/acs.jpclett.4c00338,B. Fábián; M. A. Javanainen,B. Fábián; M. A. Javanainen,2
Stability and Reactivity of Aromatic Radical Anions in Solution with Relevance to Birch Reduction,Journal of the American Chemical Society,146,2024,Journal of the American Chemical Society 146 (12): 8043–8057 (2024),10.1021/jacs.3c11655,http://dx.doi.org/10.1021/jacs.3c11655,T. Nemirovich; B. Young; K. Březina; P. E. Mason; R. Seidel; D. Stemer; B. Winter; P. Jungwirth; S. E. Bradforth; H. C. Schewe,T. Nemirovich; K. Březina; P. E. Mason; P. Jungwirth; H. C. Schewe,10
Building Water Models Compatible with Charge Scaling Molecular Dynamics,Journal of Physical Chemistry Letters,15,2024,Journal of Physical Chemistry Letters 15 (10): 2922–2928 (2024),10.1021/acs.jpclett.4c00344,http://dx.doi.org/10.1021/acs.jpclett.4c00344,V. Cruces Chamorro; P. Jungwirth; H. Martinez-Seara,V. Cruces Chamorro; P. Jungwirth; H. Martinez-Seara,3
Hydration numbers of biologically relevant divalent metal cations from ab initio molecular dynamics and continuum solvation methods,Journal of Chemical Physics,160,2024,Journal of Chemical Physics 160 (8): 084308  (2024),10.1063/5.0192024,http://dx.doi.org/10.1063/5.0192024,T. Kalvoda; T. Martinek; P. Jungwirth; L. Rulíšek,T. Martinek; P. Jungwirth,4
Charge of a transmembrane peptide alters its interaction with lipid membranes,Colloids and Surfaces B: Biointerfaces,235,2024,Colloids and Surfaces B: Biointerfaces 235: 113765 (2024),10.1016/j.colsurfb.2024.113765,http://dx.doi.org/10.1016/j.colsurfb.2024.113765,G. C. N. Thakur; A. Uday; M. Cebecauer; W. H. Roos; L. Cwiklik; M. Hof; P. Jurkiewicz; A. Melcrová,L. Cwiklik,8
Diadenosine Tetraphosphate (Ap4A) Serves as a 5′ RNA Cap in Mammalian Cells,Angewandte Chemie International Edition,63,2024,Angewandte Chemie International Edition 63 (6): e202314951 (2024),10.1002/anie.202314951,http://dx.doi.org/10.1002/anie.202314951,J. F. Potužník; O. Nešuta; A. Škríba; B. Voleníková; M. Mititelu; F. Mancini; V. Serianni; H. Fernandez; K. Spustová; J. Trylčová; P. Vopálenský; H. Cahová,H. Fernandez,12
Hyaluronan-arginine enhanced and dynamic interaction emerges from distinctive molecular signature due to electrostatics and side-chain specificity,Carbohydrate Polymers,325,2024,Carbohydrate Polymers 325: 121568 (2024),10.1016/j.carbpol.2023.121568,http://dx.doi.org/10.1016/j.carbpol.2023.121568,M. Riopedre Fernández; D. Biriukov; M. Dračínský; H. Martinez-Seara,M. Riopedre Fernández; D. Biriukov,4
Exposure to Aldehyde Cherry e-Liquid Flavoring and Its Vaping Byproduct Disrupt Pulmonary Surfactant Biophysical Function,Environmental Science and Technology,58,2024,Environmental Science and Technology 58 (3): 1495–1508 (2024),10.1021/acs.est.3c07874,http://dx.doi.org/10.1021/acs.est.3c07874,A. Martin; C. Tempra; Y. Yu; J. Liekkinen; R. Thakker; H. Lee; B. de Santos Moreno; I. Vattulainen; C. Rossios; M. A. Javanainen; J. B. de la Serna,C. Tempra; M. A. Javanainen,11
Hydration of biologically relevant tetramethylammonium cation by neutron scattering and molecular dynamics†,Physical Chemistry Chemical Physics,26,2024,Physical Chemistry Chemical Physics 26 (4): 3208–3218 (2024),10.1039/d3cp05449g,http://dx.doi.org/10.1039/d3cp05449g,P. E. Mason; T. Martinek; B. Fábián; M. Vazdar; P. Jungwirth; O. Ticháček; E. Duboué-Dijon; H. Martinez-Seara,P. E. Mason; T. Martinek; B. Fábián; P. Jungwirth; O. Ticháček; H. Martinez-Seara,8
Augmenting a training dataset of the generative diffusion model for molecular docking with artificial binding pockets,RSC Advances,14,2024,RSC Advances 14 (2): 1341-1353 (2024),10.1039/d3ra08147h,http://dx.doi.org/10.1039/d3ra08147h,T. Voitsitskyi; V. Bdzhola; R. Stratiichuk; I. Koleiev; Z. Ostrovsky; V. Vozniak; I. Khropachov; P. Henitsoi; L. Popryho; R. Zhytar; S. Yesylevskyy; A. Nafiiev; S. Starosyla,S. Yesylevskyy,13
Palmitoylation modifies transmembrane adaptor protein PAG for ordered lipid environment: A molecular dynamics simulation study,Biophysical Chemistry,304,2024,Biophysical Chemistry 304: 107124 (2024),10.1016/j.bpc.2023.107124,http://dx.doi.org/10.1016/j.bpc.2023.107124,M. C. Saija; A. Melcrová; W. Pajerski; I. Schachter; M. A. Javanainen; M. Cebecauer; L. Cwiklik,I. Schachter; M. A. Javanainen; L. Cwiklik,7
Superanionic DNA: enzymatic synthesis of hypermodified DNA bearing four different anionic substituents at all four nucleobases,Nucleic Acids Research,51,2023,Nucleic Acids Research 51 (21): 11428–11438 (2023),10.1093/nar/gkad893,http://dx.doi.org/10.1093/nar/gkad893,N. Kuprikova; M. Ondruš; L. Bednárová; M. Riopedre Fernández; L. Poštová Slavětínská; V. Sýkorová; M. Hocek,M. Riopedre Fernández,7
Collective catalysis under spatial constraints: Phase separation and size-scaling effects on mass action kinetics,Physical Review E,108,2023,Physical Review E 108 (4): 044410 (2023),10.1103/PhysRevE.108.044410,http://dx.doi.org/10.1103/PhysRevE.108.044410,N. Lauber; O. Ticháček; K. Narayanankutty; D. De Martino; K. Ruiz-Mirazo,O. Ticháček,5
From the outer ear to the nerve: A complete computer model of the peripheral auditory system,Hearing Research,440,2023,Hearing Research 440: 108900 (2023),10.1016/j.heares.2023.108900,http://dx.doi.org/10.1016/j.heares.2023.108900,O. Ticháček; P. Mistrík; P. Jungwirth,O. Ticháček; P. Jungwirth,3
Nonaqueous Ion Pairing Exemplifies the Case for Including Electronic Polarization in Molecular Dynamics Simulations,Journal of Physical Chemistry Letters,14,2023,Journal of Physical Chemistry Letters 14 (39): 8691–8696 (2023),10.1021/acs.jpclett.3c02231,http://dx.doi.org/10.1021/acs.jpclett.3c02231,V. Košťál; P. Jungwirth; H. Martinez-Seara,V. Košťál; P. Jungwirth; H. Martinez-Seara,3
Why do polyarginines adsorb at neutral phospholipid bilayers and polylysines do not? An insight from density functional theory calculations and molecular dynamics simulations,Physical Chemistry Chemical Physics,25,2023,Physical Chemistry Chemical Physics 25 (40): 27204-27214 (2023),10.1039/D3CP02411C,http://dx.doi.org/10.1039/D3CP02411C,C. Tempra; Z. Brkljača; M. Vazdar,C. Tempra,3
Transforming parasites into their own foes: parasitic extracellular vesicles as a vaccine platform,Trends in Parasitology,39,2023,Trends in Parasitology 39 (11): 913–928 (2023),10.1016/j.pt.2023.08.009,http://dx.doi.org/10.1016/j.pt.2023.08.009,D. Alfandari; S. Cadury; M. I. Morandi; N. Regev-Rudzki,M. I. Morandi,4
Quantitative Comparison against Experiments Reveals Imperfections in Force Fields’ Descriptions of POPC–Cholesterol Interactions,Journal of Chemical Theory and Computation,19,2023,Journal of Chemical Theory and Computation 19 (18): 6342–6352 (2023),10.1021/acs.jctc.3c00648,http://dx.doi.org/10.1021/acs.jctc.3c00648,M. A. Javanainen; P. Heftberger; J. J. Madsen; M. S. Miettinen; G. Pabst; O. H. S. Ollila,M. A. Javanainen,6
Efficient Simulations of Solvent Asymmetry Across Lipid Membranes Using Flat-Bottom Restraints,Journal of Chemical Theory and Computation,19,2023,Journal of Chemical Theory and Computation 19 (18): 6332–6341 (2023),10.1021/acs.jctc.3c00614,http://dx.doi.org/10.1021/acs.jctc.3c00614,D. Biriukov; M. A. Javanainen,D. Biriukov; M. A. Javanainen,2
Evolution of the electrical double layer with electrolyte concentration probed by second harmonic scattering,Faraday Discussions,246,2023,Faraday Discussions 246: 407–425 (2023),10.1039/d3fd00036b,http://dx.doi.org/10.1039/d3fd00036b,B. Chu; D. Biriukov; M. Bischoff; M. Předota; S. Roke; A. Marchioro,D. Biriukov,6
"Effect of xenon, an apolar general anaesthetic on the properties of the DPPC bilayer",Journal of Molecular Liquids,386,2023,Journal of Molecular Liquids 386: 122405 (2023),10.1016/j.molliq.2023.122405,http://dx.doi.org/10.1016/j.molliq.2023.122405,Z. B. Rózsa; B. Fábián; G. Hantal; M. Szöri; P. Jedlovszky,B. Fábián,5
Understanding the Molecular Mechanism of Anesthesia: Effect of General Anesthetics and Structurally Similar Non-Anesthetics on the Properties of Lipid Membranes,Journal of Physical Chemistry B,127,2023,Journal of Physical Chemistry B 127 (27): 6078–6090 (2023),10.1021/acs.jpcb.3c02976,http://dx.doi.org/10.1021/acs.jpcb.3c02976,Z. B. Rózsa; G. Hantal; M. Szöri; B. Fábián; P. Jedlovszky,B. Fábián,5
Photoelectron spectroscopy from a liquid flatjet,Journal of Chemical Physics,158,2023,Journal of Chemical Physics 158 (23): 234202 (2023),10.1063/5.0155182,http://dx.doi.org/10.1063/5.0155182,D. Stemer; T. Buttersack; H. Haak; S. Malerz; H. C. Schewe; F. Trinter; K. Mudryk; M. Pugini; B. Credidio; R. Seidel; U. Hergenhahn; G. Meijer; S. Thürmer; B. Winter,H. C. Schewe,14
Stealthy Player in Lipid Experiments? EDTA Binding to Phosphatidylcholine Membranes Probed by Simulations and Monolayer Experiments,Journal of Physical Chemistry B,127,2023,Journal of Physical Chemistry B 127 (24): 5462–5469 (2023),10.1021/acs.jpcb.3c03207,http://dx.doi.org/10.1021/acs.jpcb.3c03207,K. Vazdar; C. Tempra; A. Olżyńska; D. Biriukov; L. Cwiklik; M. Vazdar,C. Tempra; D. Biriukov; L. Cwiklik,6
Nanoscale membrane curvature sorts lipid phases and alters lipid diffusion,Biophysical Journal,122,2023,Biophysical Journal 122 (11): 2203–2215 (2023),10.1016/j.bpj.2023.01.001,http://dx.doi.org/10.1016/j.bpj.2023.01.001,X. Woodward; M. A. Javanainen; B. Fábián; C. V. Kelly,M. A. Javanainen; B. Fábián,4
Curvature Matters: Modeling Calcium Binding to Neutral and Anionic Phospholipid Bilayers,Journal of Physical Chemistry B,127,2023,Journal of Physical Chemistry B 127 (20): 4523–4531 (2023),10.1021/acs.jpcb.3c01962,http://dx.doi.org/10.1021/acs.jpcb.3c01962,S. Yesylevskyy; H. Martinez-Seara; P. Jungwirth,S. Yesylevskyy; P. Jungwirth,3
Common Cations Are Not Polarizable: Effects of Dispersion Correction on Hydration Structures from Ab Initio Molecular Dynamics,Journal of Physical Chemistry Letters,14,2023,Journal of Physical Chemistry Letters 14 (19): 4403–4408 (2023),10.1021/acs.jpclett.3c00856,http://dx.doi.org/10.1021/acs.jpclett.3c00856,V. Košťál; P. E. Mason; H. Martinez-Seara; P. Jungwirth,V. Košťál; P. E. Mason; P. Jungwirth,4
Applicability of perturbed matrix method for charge transfer studies at bio/metallic interfaces: a case of azurin,Physical Chemistry Chemical Physics,25,2023,Physical Chemistry Chemical Physics 25 (17): 12479–12489 (2023),10.1039/d3cp00197k,http://dx.doi.org/10.1039/d3cp00197k,O. V. Kontkanen; D. Biriukov; Z. Futera,D. Biriukov,3
Protein Crowding and Cholesterol Increase Cell Membrane Viscosity in a Temperature Dependent Manner,Journal of Theoretical & Computational Chemistry,19,2023,Journal of Theoretical & Computational Chemistry 19 (9): 2630–2643 (2023),10.1021/acs.jctc.3c00060,http://dx.doi.org/10.1021/acs.jctc.3c00060,B. Fábián; I. Vattulainen; M. A. Javanainen,B. Fábián; M. A. Javanainen,3
Statistical mechanics of biomolecular condensates via cavity methods,iScience,26,2023,iScience 26 (4): 106300 (2023),10.1016/j.isci.2023.106300,http://dx.doi.org/10.1016/j.isci.2023.106300,N. Lauber; O. Ticháček; R. Bose; C. Flamm; L. Leuzzi; T. Y. D. Tang; K. Ruiz-Mirazo; D. De Martino,O. Ticháček,8
Influence of electronic polarization on the binding of anions to a chloride-pumping rhodopsin,Biophysical Journal,122,2023,Biophysical Journal 122 (8): 1548–1556 (2023),10.1016/j.bpj.2023.03.026,http://dx.doi.org/10.1016/j.bpj.2023.03.026,L. X. Phan; V. Cruces Chamorro; H. Martinez-Seara; J. Crain; M. S. P. Sansom; S. J. Tucker,V. Cruces Chamorro,6
Surfactant Proteins SP-B and SP-C in Pulmonary Surfactant Monolayers: Physical Properties Controlled by Specific Protein–Lipid Interactions,Langmuir,39,2023,Langmuir 39 (12): 4338–4350 (2023),10.1021/acs.langmuir.2c03349,http://dx.doi.org/10.1021/acs.langmuir.2c03349,J. Liekkinen; A. Olżyńska; L. Cwiklik; J. Bernardino de la Serna; I. Vattulainen; M. A. Javanainen,M. A. Javanainen,6
Sonochemical Formation of Fluorouracil Nanoparticles: Toward Controlled Drug Delivery from Polymeric Surfaces,ACS Applied Nano Materials,6,2023,ACS Applied Nano Materials 6 (6): 4271–4278 (2023),10.1021/acsanm.2c05332,http://dx.doi.org/10.1021/acsanm.2c05332,P. Chytrosz-Wrobel; M. Golda-Cepa; P. Kubisiak; W. Kulig; L. Cwiklik; A. Kotarba,L. Cwiklik,6
Capturing Lipid Nanodisc Shape and Properties Using a Continuum Elastic Theory,Journal of Chemical Theory and Computation,19,2023,Journal of Chemical Theory and Computation 19 (4): 1360–1369 (2023),10.1021/acs.jctc.2c01054,http://dx.doi.org/10.1021/acs.jctc.2c01054,I. Schachter; D. Harries,I. Schachter,2
Effects of Water Deuteration on Thermodynamic and Structural Properties of Proteins and Biomembranes,Journal of Physical Chemistry B,127,2023,Journal of Physical Chemistry B 127 (5): 1138–1143 (2023),10.1021/acs.jpcb.2c08270,http://dx.doi.org/10.1021/acs.jpcb.2c08270,C. Tempra; V. Cruces Chamorro; P. Jungwirth,C. Tempra; V. Cruces Chamorro; P. Jungwirth,3
Plasma membrane lipid bilayer is druggable: Selective delivery of gemcitabine-squalene nano-medicine to cancer cells,Biochimica et Biophysica Acta - Molecular Basis of Disease,1869,2023,Biochimica et Biophysica Acta - Molecular Basis of Disease 1869 (2): 166614 (2023),10.1016/j.bbadis.2022.166614,http://dx.doi.org/10.1016/j.bbadis.2022.166614,F. Lirussi; K. Pyrshev; S. Yesylevskyy; T. Rivel; T. Lopez; F. Coppens; S. Mura; P. Couvreur; C. Ramseyer,S. Yesylevskyy,9
"Cryogenic buffer gas beams of AlF, CaF, MgF, YbF, Al, Ca, Yb and NO - a comparison",Molecular Physics,2022,2022,Molecular Physics 2022: e2146541,10.1080/00268976.2022.2146541,http://dx.doi.org/10.1080/00268976.2022.2146541,S. C. Wright; M. Doppelbauer; S. Hofsass; H. C. Schewe; B. Sartakov; G. Meijer; S. Truppe,H. C. Schewe,7
Gas Phase C6H6− Anion: Electronic Stabilization by Opening of the Benzene Ring,Journal of Chemical Physics,157,2022,Journal of Chemical Physics 157: 224306 (2022),10.1063/5.0130998,http://dx.doi.org/10.1063/5.0130998,A. Pysanenko; I. S. Vinklárek; J. Fedor; M. Fárník; S. Bergmeister; V. Košťál; T. Nemirovich; P. Jungwirth,V. Košťál; P. Jungwirth,8
"Bridging Electrochemistry and Photoelectron Spectroscopy in the Context of Birch Reduction: Detachment Energies and Redox Potentials of Electron, Dielectron, and Benzene Radical Anion in Liquid Ammonia",Journal of the American Chemical Society,144,2022,Journal of the American Chemical Society 144 (48): 22093–22100 (2022),10.1021/jacs.2c09478,http://dx.doi.org/10.1021/jacs.2c09478,T. Nemirovich; V. Košťál; J. Copko; H. C. Schewe; S. Boháčová; T. Martinek; T. Slanina; P. Jungwirth,T. Nemirovich; V. Košťál; H. C. Schewe; T. Martinek; P. Jungwirth,8
Ionic Strength and Solution Composition Dictate the Adsorption of Cell-Penetrating Peptides onto Phosphatidylcholine Membranes,Langmuir,38,2022,Langmuir 38 (37): 11284–11295 (2022),10.1021/acs.langmuir.2c01435,http://dx.doi.org/10.1021/acs.langmuir.2c01435,M. H. T. Nguyen; D. Biriukov; C. Tempra; K. L. Baxová; H. Martinez-Seara; H. Evci; V. Singh; R. Šachl; M. Hof; P. Jungwirth; M. A. Javanainen; M. Vazdar,M. H. T. Nguyen; D. Biriukov; C. Tempra; K. L. Baxová; H. Martinez-Seara; P. Jungwirth; M. A. Javanainen; M. Vazdar,12
Observation of intermolecular Coulombic decay and shake-up satellites in liquid ammonia,Structural Dynamics,9,2022,Structural Dynamics 9 (4): 044901 (2022),10.1063/4.0000151,http://dx.doi.org/10.1063/4.0000151,H. C. Schewe; E. Muchová; M. Belina; T. Buttersack; D. Stemer; R. Seidel; S. Thürmer; P. Slavíček; B. Winter,H. C. Schewe,9
Relationship between structure and cytotoxicity of vanadium and molybdenum complexes with pyridoxal derived ligands,Journal of Inorganic Biochemistry,235,2022,Journal of Inorganic Biochemistry 235: 111937 (2022),10.1016/j.jinorgbio.2022.111937,http://dx.doi.org/10.1016/j.jinorgbio.2022.111937,L. Mato-López; A. Sar-Rañó; M. Riopedre Fernández; M. Luz Díaz-Prado; A. Gil; Á. Sánchez-González; N. Fernández-Bertólez; J. Méndez; V. Valdiglesias; F. Avecilla,M. Riopedre Fernández,10
Efficiently Computing NMR 1H and 13C Chemical Shifts of Saccharides in Aqueous Environment,Journal of Chemical Theory and Computation,18,2022,Journal of Chemical Theory and Computation 18 (7): 4373–4386 (2022),10.1021/acs.jctc.2c00127,http://dx.doi.org/10.1021/acs.jctc.2c00127,V. Palivec; R. Pohl; J. Kaminský; H. Martinez-Seara,V. Palivec; H. Martinez-Seara,4
Emerging Era of Biomolecular Membrane Simulations: Automated Physically-Justified Force Field Development and Quality-Evaluated Databanks,Journal of Physical Chemistry B,126,2022,Journal of Physical Chemistry B 126 (23): 4169–4183 (2022),10.1021/acs.jpcb.2c01954,http://dx.doi.org/10.1021/acs.jpcb.2c01954,H. S. Antila; B. Kav; M. S. Miettinen; H. Martinez-Seara; P. Jungwirth; S. Ollila,H. Martinez-Seara; P. Jungwirth; S. Ollila,6
"The “good,” the “bad,” and the “hidden” in neutron scattering and molecular dynamics of ionic aqueous solutions",Journal of Chemical Physics,156,2022,Journal of Chemical Physics 156 (19): 194505 (2022),10.1063/5.0093643,http://dx.doi.org/10.1063/5.0093643,D. Biriukov; H. Wang; N. Rampal; C. Tempra; P. Kula; J. C. Neuefeind; G. Stack; M. Předota,D. Biriukov; C. Tempra; P. Kula,8
"Reorganization free energy of copper proteins in solution, in vacuum, and on metal surfaces",Journal of Chemical Physics,156,2022,Journal of Chemical Physics 156 (17): 175101 (2022),10.1063/5.0085141,http://dx.doi.org/10.1063/5.0085141,O. V. Kontkanen; D. Biriukov; Z. Futera,D. Biriukov,3
Imaging of Chemical Kinetics at the Water–Water Interface in a Free-Flowing Liquid Flat-Jet,Journal of the American Chemical Society,144,2022,Journal of the American Chemical Society 144 (17): 7790–7795 (2022),10.1021/jacs.2c01232,http://dx.doi.org/10.1021/jacs.2c01232,H. C. Schewe; B. Credidio; A. M. Ghrist; S. Malerz; C. Ozga; A. Knie; H. Haak; G. Meijer; B. Winter; A. Osterwalder,H. C. Schewe,10
Accurate Simulations of Lipid Monolayers Require a Water Model with Correct Surface Tension,Journal of Chemical Theory and Computation,18,2022,Journal of Chemical Theory and Computation 18 (3): 1862–1869 (2022),10.1021/acs.jctc.1c00951,http://dx.doi.org/10.1021/acs.jctc.1c00951,C. Tempra; S. O. H. Ollila; M. A. Javanainen,C. Tempra; M. A. Javanainen,3
A unifying framework for amyloid-mediated membrane damage: The lipid-chaperone hypothesis,Biochimica et Biophysica Acta - Proteins and Proteomics,1870,2022,Biochimica et Biophysica Acta - Proteins and Proteomics 1870 (4): 140767 (2022),10.1016/j.bbapap.2022.140767,http://dx.doi.org/10.1016/j.bbapap.2022.140767,C. Tempra; F. Scollo; M. Pannuzzo; F. Lolicato; C. La Rosa,C. Tempra,5
The Two Faces of the Liquid Ordered Phase,Journal of Physical Chemistry Letters,13,2022,Journal of Physical Chemistry Letters 13 (5): 1307–1313 (2022),10.1021/acs.jpclett.1c03712,http://dx.doi.org/10.1021/acs.jpclett.1c03712,I. Schachter; R. O. Paananen; B. Fábián; P. Jurkiewicz; M. A. Javanainen,I. Schachter; B. Fábián; M. A. Javanainen,5
Electronic structure of the solvated benzene radical anion,Journal of Chemical Physics,156,2022,Journal of Chemical Physics 156 (1): 014501 (2022),10.1063/5.0076115,http://dx.doi.org/10.1063/5.0076115,K. Březina; V. Košťál; P. Jungwirth; O. Maršálek,K. Březina; V. Košťál; P. Jungwirth,4
Use of Raman and Raman optical activity to extract atomistic details of saccharides in aqueous solution,PLOS Computational Biology,18,2022,PLOS Computational Biology 18 (1): e1009678 (2022),10.1371/journal.pcbi.1009678,http://dx.doi.org/10.1371/journal.pcbi.1009678,V. Palivec; C. Johannessen; J. Kaminský; H. Martinez-Seara,V. Palivec; H. Martinez-Seara,4
Changes in the Local Conformational States Caused by Simple Na+ and K+ Ions in Polyelectrolyte Simulations: Comparison of Seven Force Fields with and without NBFIX and ECC Corrections,Polymers,14,2022,Polymers 14 (2): 252 (2022),10.3390/polym14020252,http://dx.doi.org/10.3390/polym14020252,N. Lukasheva; D. Tolmachev; H. Martinez-Seara; M. Karttunen,H. Martinez-Seara,4
Photoelectron Spectroscopy of Benzene in the Liquid Phase and Dissolved in Liquid Ammonia,Journal of Physical Chemistry B,126,2022,Journal of Physical Chemistry B 126 (1): 229–238 (2022),10.1021/acs.jpcb.1c08172,http://dx.doi.org/10.1021/acs.jpcb.1c08172,H. C. Schewe; K. Březina; V. Košťál; P. E. Mason; T. Buttersack; D. M. Stemer; R. Seidel; W. Quevedo; F. Trinter; P. Jungwirth,H. C. Schewe; K. Březina; V. Košťál; P. E. Mason; P. Jungwirth,10
Second Harmonic Scattering Reveals Ion-Specific Effects at the SiO2 and TiO2 Nanoparticle/Aqueous Interface,Journal of Physical Chemistry C,125,2021,Journal of Physical Chemistry C 125 (45): 25261-25274 (2021),10.1021/acs.jpcc.1c07191,http://dx.doi.org/10.1021/acs.jpcc.1c07191,M. Bischoff; D. Biriukov; M. Předota; A. Marchioro,D. Biriukov,4
Kinetics and Energetics of Intramolecular Electron Transfer in Single-Point Labeled TUPS-Cytochrome c Derivatives,Molecules,26,2021,Molecules 26 (22): 6976 (2021),10.3390/molecules26226976,http://dx.doi.org/10.3390/molecules26226976,P. Khoroshyy; K. Tenger; R. V. Chertkova; O. V. Bocharova; M. P. Kirpichnikov; N. Borovok; G. I. Groma; D. A. Dolgikh; A. B. Kotlyar; L. Zimányi,P. Khoroshyy,10
Theoretical Investigation of the Effect of Alkylation and Bromination on Intersystem Crossing in BODIPY-Based Photosensitizers,Journal of Physical Chemistry B,125,2021,Journal of Physical Chemistry B 125 (42): 11617-11627 (2021),10.1021/acs.jpcb.1c05236,http://dx.doi.org/10.1021/acs.jpcb.1c05236,M. W. Baig; M. Pederzoli; M. Kývala; L. Cwiklik; J. Pittner,L. Cwiklik,5
Inverse Conformational Selection in Lipid–Protein Binding,Journal of the American Chemical Society,143,2021,Journal of the American Chemical Society 143 (34): 13701–13709 (2021),10.1021/jacs.1c05549,http://dx.doi.org/10.1021/jacs.1c05549,A. Bacle; P. Buslaev; R. Garcia-Fandino; F. Favela-Rosales; T. Mendes Ferreira; P. F. J. Fuchs; I. Gushchin; M. A. Javanainen; A. M. Kiirikki; J. J. Madsen; J. Melcr; P. Milán Rodríguez; M. S. Miettinen; O. H. S. Ollila; C. G. Papadopoulos; A. Peón; T. J. Piggot; Á. Piñeiro; S. I. Virtanen,M. A. Javanainen,19
Nonconverged Constraints Cause Artificial Temperature Gradients in Lipid Bilayer Simulations,Journal of Physical Chemistry B,125,2021,Journal of Physical Chemistry B 125 (33): 9537–9546 (2021),10.1021/acs.jpcb.1c03665,http://dx.doi.org/10.1021/acs.jpcb.1c03665,S. Thallmair; M. A. Javanainen; B. Fábián; H. Martinez-Seara; S. J. Marrink,M. A. Javanainen; B. Fábián; H. Martinez-Seara,5
The glycine arginine-rich domain of the RNA-binding protein nucleolin regulates its subcellular localization,EMBO Journal,40,2021,EMBO Journal 40 (20): e107158 (2021),10.15252/embj.2020107158,http://dx.doi.org/10.15252/embj.2020107158,E. Doron-Mandel; I. Koppel; O. Abraham; I. Rishal; T. P. Smith; C. N. Buchanan; P. K. Sahoo; J. Kadlec; J. A. Oses-Prieto; R. Kawaguchi; S. Alber; E. E. Zahavi; P. Di Matteo; A. Di Pizio; D. A. Song; N. Okladnikov; D. Gordon; S. Ben-Dor; R. Haffner-Krausz; G. Coppola; A. L. Burlingame; P. Jungwirth; J. L. Twiss; M. Fainzilber,J. Kadlec; P. Jungwirth,24
Local molecular environment drives speciation and reactivity of ion complexes in concentrated salt solution,Journal of Molecular Liquids,340,2021,Journal of Molecular Liquids 340: 116898 (2021),10.1016/j.molliq.2021.116898,http://dx.doi.org/10.1016/j.molliq.2021.116898,N. Rampal; H. Wang; D. Biriukov; A. B. Brady; J. C. Neuefeind; M. Předota; A. G. Stack,D. Biriukov,7
"Mitochondrial Uncoupling Proteins (UCP1-UCP3) and Adenine Nucleotide Translocase (ANT1) Enhance the Protonophoric Action of 2,4-Dinitrophenol in Mitochondria and Planar Bilayer Membranes",Biomolecules,11,2021,Biomolecules 11 (8): 1178 (2021),10.3390/biom11081178,http://dx.doi.org/10.3390/biom11081178,K. Žuna; O. Jovanović; L. S. Khailova; S. Škulj; Z. Brkljača; J. Kreiter; E. A. Kotova; M. Vazdar; Y. N. Antonenko; E. E. Pohl,M. Vazdar,10
Benzene Radical Anion Microsolvated in Ammonia Clusters: Modeling the Transition from an Unbound Resonance to a Bound Species,Journal of Physical Chemistry A,125,2021,Journal of Physical Chemistry A 125 (26): 5811–5818 (2021),10.1021/acs.jpca.1c04594,http://dx.doi.org/10.1021/acs.jpca.1c04594,V. Košťál; K. Březina; O. Maršálek; P. Jungwirth,V. Košťál; K. Březina; P. Jungwirth,4
Spectroscopic evidence for a gold-coloured metallic water solution,Nature,595,2021,Nature 595: 673–676 (2021),10.1038/s41586-021-03646-5,http://dx.doi.org/10.1038/s41586-021-03646-5,P. E. Mason; H. C. Schewe; T. Buttersack; V. Košťál; M. Vitek; R. S. McMullen; H. Ali; F. Trinter; C. Lee; D. M. Neumark; S. Thürmer; R. Seidel; B. Winter; S. E. Bradforth; P. Jungwirth,P. E. Mason; H. C. Schewe; T. Buttersack; V. Košťál; M. Vitek; P. Jungwirth,15
Anisotropic diffusion of membrane proteins at experimental timescales,Journal of Chemical Physics,155,2021,Journal of Chemical Physics 155: 015102 (2021),10.1063/5.0054973,http://dx.doi.org/10.1063/5.0054973,M. A. Javanainen; H. Martinez-Seara; C. V. Kelly; P. Jungwirth; B. Fábián,M. A. Javanainen; H. Martinez-Seara; P. Jungwirth; B. Fábián,5
The role of alpha-helix on the structure-targeting drug design of amyloidogenic proteins,Chemistry and Physics of Lipids,236,2021,Chemistry and Physics of Lipids 236: 105061 (2021),10.1016/j.chemphyslip.2021.105061,http://dx.doi.org/10.1016/j.chemphyslip.2021.105061,C. Tempra; C. La Rosa; F. Lolicato,C. Tempra,3
Heavy Water Models for Classical Molecular Dynamics: Effective Inclusion of Nuclear Quantum Effects,Journal of Physical Chemistry B,125,2021,Journal of Physical Chemistry B 125 (17): 4514–4519 (2021),10.1021/acs.jpcb.1c02235,http://dx.doi.org/10.1021/acs.jpcb.1c02235,V. Cruces Chamorro; C. Tempra; P. Jungwirth,V. Cruces Chamorro; C. Tempra; P. Jungwirth,3
Adsorption of Amino Acids at the Gold/Aqueous Interface: Effect of an External Electric Field,Journal of Physical Chemistry C,125,2021,Journal of Physical Chemistry C 125 (14): 7856–7867 (2021),10.1021/acs.jpcc.0c11248,http://dx.doi.org/10.1021/acs.jpcc.0c11248,D. Biriukov; Z. Futera,D. Biriukov,2
Structure and single particle dynamics of the vapour-liquid interface of acetone-CO2 mixtures,Journal of Molecular Liquids,334,2021,Journal of Molecular Liquids 334: 116091 (2021),10.1016/j.molliq.2021.116091,http://dx.doi.org/10.1016/j.molliq.2021.116091,B. Fábián; G. Horvai; A. Idrissi; P. Jedlovszky,B. Fábián,4
Martini 3: a general purpose force field for coarse-grained molecular dynamics,Nature Methods,48,2021,Nature Methods 48: 382–388 (2021),10.1038/s41592-021-01098-3,http://dx.doi.org/10.1038/s41592-021-01098-3,P. C. T. Souza; R. Alessandri; J. Barnoud; S. Thallmair; I. Faustino; F. Grünewald; I. Patmanidis; H. Abdizadeh; B. M. H. Bruininks; T. A. Wassenaar; P. C. Kroon; J. Melcr; V. Nieto; V. Corradi; H. M. Khan; J. Domański; M. A. Javanainen; H. Martinez-Seara; N. Reuter; R. B. Best; I. Vattulainen; L. Monticelli; X. Periole; D. P. Tieleman; A. H. de Vries; S. J. Marrink,M. A. Javanainen; H. Martinez-Seara,26
Sweet taste of heavy water,Communications Biology,4,2021,Communications Biology 4: 440 (2021),10.1038/s42003-021-01964-y,http://dx.doi.org/10.1038/s42003-021-01964-y,N. Ben Abu; P. E. Mason; H. Klein; N. Dubovski; Y. Ben Shoshan-Galeczki; E. Malach; V. Pražienková; L. Maletínská; C. Tempra; V. Cruces Chamorro; J. Cvačka; M. Behrens; M. Y. Niv; P. Jungwirth,P. E. Mason; C. Tempra; V. Cruces Chamorro; P. Jungwirth,14
"Computation and volumetric insight into (p,T) effect on aqueous guanidinium chloride",Journal of Chemical Thermodynamics,158,2021,Journal of Chemical Thermodynamics 158: 106450 (2021),10.1016/j.jct.2021.106450,http://dx.doi.org/10.1016/j.jct.2021.106450,J. Polák; P. Morávek; Z. Brkljača; M. Vazdar; I. Cibulka; J. Heyda,M. Vazdar,6
Resolving the Equal Number Density Puzzle: Molecular Picture from Simulations of LiCl(aq) and NaCl(aq),Journal of Physical Chemistry B,125,2021,Journal of Physical Chemistry B 125 (12): 3153–3162 (2021),10.1021/acs.jpcb.0c10599,http://dx.doi.org/10.1021/acs.jpcb.0c10599,M. H. T. Nguyen; O. Ticháček; H. Martinez-Seara; P. E. Mason; P. Jungwirth,M. H. T. Nguyen; O. Ticháček; H. Martinez-Seara; P. E. Mason; P. Jungwirth,5
ANT1 Activation and Inhibition Patterns Support the Fatty Acid Cycling Mechanism for Proton Transport,International Journal of Molecular Sciences,22,2021,International Journal of Molecular Sciences 22 (5): 2490 (2021),10.3390/ijms22052490,http://dx.doi.org/10.3390/ijms22052490,J. Kreiter; A. Rupprecht; S. Škulj; Z. Brkljača; K. Žuna; D. Knyazev; S. Bardakji; M. Vazdar; E. Pohl,M. Vazdar,9
Quantitative linear dichroism imaging of molecular processes in living cells made simple by open software tools,Communications Biology,4,2021,Communications Biology 4: 189  (2021),10.1038/s42003-021-01694-1,http://dx.doi.org/10.1038/s42003-021-01694-1,A. Bondar; O. Rybakova; J. Melcr; J. Dohnálek; P. Khoroshyy; O. Ticháček; Š. Timr; S. P. Miclea; A. Sakhi; V. Marková; J. Lazar,J. Melcr; O. Ticháček,11
Haloalkenyl Imidoyl Halides as Multifacial Substrates in the Stereoselective Synthesis of N‐Alkenyl Compounds,Advanced Synthesis & Catalysis,363,2021,Advanced Synthesis & Catalysis 363: 3258-3266 (2021),10.1002/adsc.202100009,http://dx.doi.org/10.1002/adsc.202100009,A. Markos; L. Janecký; T. Chvojka; T. Martinek; H. Martinez-Seara; B. Klepetářová; P. Beier,T. Martinek; H. Martinez-Seara,7
N-Glycosylation can selectively block or foster different receptor–ligand binding modes,Scientific Reports,11,2021,Scientific Reports 11: 5239  (2021),10.1038/s41598-021-84569-z,http://dx.doi.org/10.1038/s41598-021-84569-z,J. Vuorio; J. Škerlová; M. Fábry; V. Veverka; I. Vattulainen; P. Řezáčová; H. Martinez-Seara,H. Martinez-Seara,7
Molecular Dynamics Simulations of Mitochondrial Uncoupling Protein 2,International Journal of Molecular Sciences,22,2021,International Journal of Molecular Sciences 22 (3): 1214 (2021),10.3390/ijms22031214,http://dx.doi.org/10.3390/ijms22031214,S. Škulj; Z. Brkljača; J. Kreiter; E. E. Pohl; M. Vazdar,M. Vazdar,5
Lipid-Chaperone Hypothesis: A Common Molecular Mechanism of Membrane Disruption by Intrinsically Disordered Proteins,ACS Chemical Neuroscience,11,2020,ACS Chemical Neuroscience 11 (24): 4336-4350 (2020),10.1021/acschemneuro.0c00588,http://dx.doi.org/10.1021/acschemneuro.0c00588,M. F. Sciacca; F. Lolicato; C. Tempra; F. Scollo; B. R. Sahoo; M. D. Watson; S. García-Viñuales; D. Milardi; A. Raudino; J. Lee; A. Ramamoorthy; C. La Rosa,C. Tempra,12
Structural Effects of Cation Binding to DPPC Monolayers,Langmuir,36,2020,Langmuir 36 (50): 15258-15269 (2020),10.1021/acs.langmuir.0c02555,http://dx.doi.org/10.1021/acs.langmuir.0c02555,M. A. Javanainen; W. Hua; O. Ticháček; P. Delcroix; L. Cwiklik; H. C. Allen,M. A. Javanainen; O. Ticháček; P. Delcroix; L. Cwiklik,6
Tail-Oxidized Cholesterol Enhances Membrane Permeability for Small Solutes,Langmuir,36,2020,Langmuir 36 (35): 10438-10447 (2020),10.1021/acs.langmuir.0c01590,http://dx.doi.org/10.1021/acs.langmuir.0c01590,A. Olžyńska; W. Kulig; H. Mikkolainen; T. Czerniak; P. Jurkiewicz; L. Cwiklik; T. Róg; M. Hof; P. Jungwirth; I. Vattulainen,L. Cwiklik; P. Jungwirth,10
Improving Stability of Tear Film Lipid Layer via Concerted Action of Two Drug Molecules: A Biophysical View,International Journal of Molecular Sciences,21,2020,International Journal of Molecular Sciences 21 (24): 9490 (2020),10.3390/ijms21249490,http://dx.doi.org/10.3390/ijms21249490,P. Eftimov; A. Olžyńska; A. Melcrová; G. A. Georgiev; P. Daull; J. Garrigue; L. Cwiklik,L. Cwiklik,7
Mcl-1 and Bok transmembrane domains: Unexpected players in the modulation of apoptosis,Proceedings of the National Academy of Sciences of the United States of America,117,2020,Proceedings of the National Academy of Sciences of the United States of America 117 (45): 27980-27988 (2020),10.1073/pnas.2008885117,http://dx.doi.org/10.1073/pnas.2008885117,E. Lucendo; M. Sancho; F. Lolicato; M. A. Javanainen; W. Kulig; D. Leiva; G. Duart; V. Andreu-Fernández; I. Mingarro; M. Orzáez,M. A. Javanainen,10
Binding of divalent cations to acetate: molecular simulations guided by Raman spectroscopy,Physical Chemistry Chemical Physics,22,2020,Physical Chemistry Chemical Physics 22 (41): 24014-24027 (2020),10.1039/d0cp02987d,http://dx.doi.org/10.1039/d0cp02987d,D. Mendes de Oliveira; S. R. Zukowski; V. Palivec; J. Hénin; H. Martinez-Seara; D. Ben-Amotz; P. Jungwirth; E. Duboué-Dijon,V. Palivec; H. Martinez-Seara; P. Jungwirth; E. Duboué-Dijon,8
Understanding the Functional Properties of Lipid Heterogeneity in Pulmonary Surfactant Monolayers at the Atomistic Level,Frontiers in Cell and Developmental Biology,8,2020,Frontiers in Cell and Developmental Biology 8: 581016 (2020),10.3389/fcell.2020.581016,http://dx.doi.org/10.3389/fcell.2020.581016,J. Liekkinen; B. de Santos Moreno; R. O. Paananen; I. Vattulainen; L. Monticelli; J. B. de la Serna; M. A. Javanainen,M. A. Javanainen,7
Modulating Aβ aggregation by tyrosol-based ligands: The crucial role of the catechol moiety,Biophysical Chemistry,265,2020,Biophysical Chemistry 265: 106434 (2020),10.1016/j.bpc.2020.106434,http://dx.doi.org/10.1016/j.bpc.2020.106434,V. Romanucci; S. García-Viñuales; C. Tempra; R. Bernini; A. Zarrelli; F. Lolicato; D. Milardi; G. Di Fabio,C. Tempra,8
Benzene Radical Anion in the Context of the Birch Reduction: When Solvation Is the Key,Journal of Physical Chemistry Letters,11,2020,Journal of Physical Chemistry Letters 11 (15): 6032-6038 (2020),10.1021/acs.jpclett.0c01505,http://dx.doi.org/10.1021/acs.jpclett.0c01505,K. Březina; P. Jungwirth; O. Maršálek,K. Březina; P. Jungwirth,3
Mixed polar-nonpolar lipid films as minimalistic models of Tear Film Lipid Layer: A Langmuir trough and fluorescence microscopy study,Biochimica et Biophysica Acta - General Subjects,1862,2020,Biochimica et Biophysica Acta - General Subjects 1862 (9): 183300 (2020),10.1016/j.bbamem.2020.183300,http://dx.doi.org/10.1016/j.bbamem.2020.183300,A. Olżyńska; A. Wizert; M. Štefl; D. R. Iskander; L. Cwiklik,L. Cwiklik,5
A practical guide to biologically relevant molecular simulations with charge scaling for electronic polarization,Journal of Chemical Physics,153,2020,Journal of Chemical Physics 153: 050901 (2020),10.1063/5.0017775,http://dx.doi.org/10.1063/5.0017775,E. Duboué-Dijon; M. A. Javanainen; P. Delcroix; P. Jungwirth; H. Martinez-Seara,E. Duboué-Dijon; M. A. Javanainen; P. Delcroix; P. Jungwirth; H. Martinez-Seara,5
Raman Optical Activity of Glucose and Sorbose in Extended Wavenumber Range,ChemPhysChem,21,2020,ChemPhysChem 21 (12): 1272-1279 (2020),10.1002/cphc.202000261,http://dx.doi.org/10.1002/cphc.202000261,V. Palivec; P. Michal; J. Kapitán; H. Martinez-Seara; P. Bouř,V. Palivec; H. Martinez-Seara,5
Photoelectron spectra of alkali metal–ammonia microjets: From blue electrolyte to bronze metal,Science,368,2020,Science 368 (6495): 1086-1091 (2020),10.1126/science.aaz7607,http://dx.doi.org/10.1126/science.aaz7607,T. Buttersack; P. E. Mason; R. S. McMullen; H. C. Schewe; T. Martinek; K. Březina; M. Crhán; A. Gomez; D. Hein; G. Wartner; R. Seidel; H. Ali; S. Thürmer; O. Maršálek; B. Winter; S. E. Bradforth; P. Jungwirth,T. Buttersack; P. E. Mason; T. Martinek; K. Březina; M. Crhán; P. Jungwirth,17
Contribution of the two liquid phases to the interfacial tension at various water-organic liquid-liquid interfaces,Journal of Molecular Liquids,306,2020,Journal of Molecular Liquids 306: 112872 (2020),10.1016/j.molliq.2020.112872,http://dx.doi.org/10.1016/j.molliq.2020.112872,G. Hantal; B. Fábián; M. Sega; P. Jedlovszky,B. Fábián,4
Rotational Diffusion of Membrane Proteins in Crowded Membranes,Journal of Physical Chemistry B,124,2020,Journal of Physical Chemistry B 124 (15): 2994-3001 (2020),10.1021/acs.jpcb.0c00884,http://dx.doi.org/10.1021/acs.jpcb.0c00884,M. A. Javanainen; O. H. S. Ollila; H. Martinez-Seara,M. A. Javanainen; H. Martinez-Seara,3
Pulmonary Surfactant Lipid Reorganization Induced by the Adsorption of the Oligomeric Surfactant Protein B Complex,Journal of Molecular Biology,432,2020,Journal of Molecular Biology 432 (10): 3251-3268 (2020),10.1016/j.jmb.2020.02.028,http://dx.doi.org/10.1016/j.jmb.2020.02.028,J. Liekkinen; G. Enkavi; M. A. Javanainen; B. Olmeda; J. Pérez-Gil; I. Vattulainen,M. A. Javanainen,6
Deeply cooled and temperature controlled microjets: Liquid ammonia solutions released into vacuum for analysis by photoelectron spectroscopy,Review of Scientific Instruments,91,2020,Review of Scientific Instruments 91 (4): 043101 (2020),10.1063/1.5141359,http://dx.doi.org/10.1063/1.5141359,T. Buttersack; P. E. Mason; P. Jungwirth; H. C. Schewe; B. Winter; R. Seidel; R. S. McMullen; S. E. Bradforth,T. Buttersack; P. E. Mason; P. Jungwirth,8
Properties of Lipid Models of Lung Surfactant Containing Cholesterol and Oxidized Lipids: A Mixed Experimental and Computational Study,Langmuir,36,2020,Langmuir 36 (4): 1023-1033 (2020),10.1021/acs.langmuir.9b02469,http://dx.doi.org/10.1021/acs.langmuir.9b02469,A. Olżyńska; P. Delcroix; T. Dolejšová; K. Krzaczek; B. Korchowiec; A. Czogalla; L. Cwiklik,P. Delcroix; L. Cwiklik,7
Single Particle Dynamics at the Liquid–Liquid Interface. Molecular Dynamics Simulation Study of the Water-CCl4 System,Journal of Physical Chemistry C,124,2020,Journal of Physical Chemistry C 124 (3): 2039-2049 (2020),10.1021/acs.jpcc.9b10642,http://dx.doi.org/10.1021/acs.jpcc.9b10642,B. Fábián; G. Horvai; M. Sega; P. Jedlovszky,B. Fábián,4
Scaling exchange and correlation in the on-top density functional of multiconfiguration pair-density functional theory: effect on electronic excitation energies and bond energies,Theoretical Chemistry Accounts,139,2020,Theoretical Chemistry Accounts 139 (2): 30 (2020),10.1007/s00214-019-2539-6,http://dx.doi.org/10.1007/s00214-019-2539-6,D. Presti; J. Kadlec; D. G. Truhlar; L. Gagliardi,J. Kadlec,4
Simulation of Raman and Raman optical activity of saccharides in solution,Physical Chemistry Chemical Physics,22,2020,Physical Chemistry Chemical Physics 22 (4): 1983-1993 (2020),10.1039/c9cp05682c,http://dx.doi.org/10.1039/c9cp05682c,V. Palivec; V. Kopecký; P. Jungwirth; P. Bouř; J. Kaminský; H. Martinez-Seara,V. Palivec; P. Jungwirth; H. Martinez-Seara,6
In Vitro and in Vivo Behavior of Liposomes Decorated with PEGs with Different Chemical Features,Molecular Pharmaceutics,17,2020,Molecular Pharmaceutics 17 (2): 472-487 (2020),10.1021/acs.molpharmaceut.9b00887,http://dx.doi.org/10.1021/acs.molpharmaceut.9b00887,F. Mastrotto; C. Brazzale; F. Bellato; S. De Martin; G. Grange; M. Mahmoudzadeh; A. S. Magarkar; A. Bunker; N. Salmaso; E. Caliceti,A. S. Magarkar,10
Improved Cation Binding to Lipid Bilayers with Negatively Charged POPS by Effective Inclusion of Electronic Polarization,Journal of Chemical Theory and Computation,16,2020,Journal of Chemical Theory and Computation 16 (1): 738-748 (2020),10.1021/acs.jctc.9b00824,http://dx.doi.org/10.1021/acs.jctc.9b00824,J. Melcr; T. M. Ferreira; P. Jungwirth; S. Ollila,J. Melcr; P. Jungwirth; S. Ollila,4
Molecular Dynamics and Neutron Scattering Studies of Potassium Chloride in Aqueous Solution,Journal of Physical Chemistry B,123,2019,Journal of Physical Chemistry B 123 (50): 10807-10813 (2019),10.1021/acs.jpcb.9b08422,http://dx.doi.org/10.1021/acs.jpcb.9b08422,P. E. Mason; L. Tavagnacco; M. Saboungi; T. Hansen; H. E. Fischer; G. W. Neilson; T. Ichiye; J. W. Brady,P. E. Mason,8
Charge Scaling Manifesto: A Way of Reconciling the Inherently Macroscopic and Microscopic Natures of Molecular Simulations,Journal of Physical Chemistry Letters,10,2019,Journal of Physical Chemistry Letters 10 (23): 7531-7536 (2019),10.1021/acs.jpclett.9b02652,http://dx.doi.org/10.1021/acs.jpclett.9b02652,B. J. Kirby; P. Jungwirth,P. Jungwirth,2
Headgroup Structure and Cation Binding in Phosphatidylserine Lipid Bilayers,Journal of Physical Chemistry B,123,2019,Journal of Physical Chemistry B 123 (43): 9066-9079 (2019),10.1021/acs.jpcb.9b06091,http://dx.doi.org/10.1021/acs.jpcb.9b06091,H. S. Antila; P. Buslaev; F. Favela-Rosales; T. M. Ferreira; I. Gushchin; M. A. Javanainen; B. Kav; J. J. Madsen; J. Melcr; M. S. Miettinen; J. Määttä; R. Nencini; S. Ollila; T. J. Piggot,M. A. Javanainen; J. Melcr; R. Nencini; S. Ollila,14
Crystalline Wax Esters Regulate the Evaporation Resistance of Tear Film Lipid Layers Associated with Dry Eye Syndrome,Journal of Physical Chemistry Letters,10,2019,Journal of Physical Chemistry Letters 10 (14): 3893-3898 (2019),10.1021/acs.jpclett.9b01187,http://dx.doi.org/10.1021/acs.jpclett.9b01187,R. O. Paananen; M. A. Javanainen; J. M. Holopainen; I. Vattulainen,M. A. Javanainen,4
"General approach to 2-fluoroalkyl 1,3-azoles via the tandem ring opening and defluorinative annulation of N-fluoroalkyl-1,2,3-triazoles",Organic Chemistry Frontiers,6,2019,Organic Chemistry Frontiers 6 (22): 3776-3780 (2019),10.1039/c9qo01104h,http://dx.doi.org/10.1039/c9qo01104h,V. Motornov; V. Košťál; A. Markos; D. Täffner; P. Beier,V. Košťál,5
Concurrent Compression of Phospholipid Membranes by Calcium and Cholesterol,Langmuir,35,2019,Langmuir 35 (35): 11358-11368 (2019),10.1021/acs.langmuir.9b00477,http://dx.doi.org/10.1021/acs.langmuir.9b00477,A. Melcrová; Š. Pokorná; M. Vošahlíková; J. Sýkora; P. Svoboda; M. Hof; L. Cwiklik; P. Jurkiewicz,L. Cwiklik,8
Investigation of the liquid-vapour interface of aqueous methylamine solutions by computer simulation methods,Journal of Molecular Liquids,288,2019,Journal of Molecular Liquids 288: 110978 (2019),10.1016/j.molliq.2019.110978,http://dx.doi.org/10.1016/j.molliq.2019.110978,R. A. Horváth; B. Fábián; M. Szöri; P. Jedlovszky,B. Fábián,4
Quantifying the Strength of a Salt Bridge by Neutron Scattering and Molecular Dynamics,Journal of Physical Chemistry Letters,10,2019,Journal of Physical Chemistry Letters 10 (12): 3254-3259 (2019),10.1021/acs.jpclett.9b01309,http://dx.doi.org/10.1021/acs.jpclett.9b01309,P. E. Mason; P. Jungwirth; E. Duboué-Dijon,P. E. Mason; P. Jungwirth; E. Duboué-Dijon,3
The Role of Temperature and Lipid Charge on Intake/Uptake of Cationic Gold Nanoparticles into Lipid Bilayers,Small,15,2019,Small 15 (23): 1805046 (2019),10.1002/smll.201805046,http://dx.doi.org/10.1002/smll.201805046,F. Lolicato; L. Joly; H. Martinez-Seara; G. Fragneto; E. Scoppola; F. Baldelli Bombelli; I. Vattulainen; J. Akola; M. Maccarini,H. Martinez-Seara,9
Reduced level of docosahexaenoic acid shifts GPCR neuroreceptors to less ordered membrane regions,PLOS Computational Biology,15,2019,PLOS Computational Biology 15 (5): e1007033 (2019),10.1371/journal.pcbi.1007033,http://dx.doi.org/10.1371/journal.pcbi.1007033,M. A. Javanainen; G. Enkavi; R. Guixa-González; W. Kulig; H. Martinez-Seara; I. Levental; I. Vattulainen,M. A. Javanainen; H. Martinez-Seara,7
Multiscale Simulations of Biological Membranes: The Challenge To Understand Biological Phenomena in a Living Substance,Chemical Reviews,119,2019,Chemical Reviews 119 (9): 5607-5774 (2019),10.1021/acs.chemrev.8b00538,http://dx.doi.org/10.1021/acs.chemrev.8b00538,G. Enkavi; M. A. Javanainen; W. Kulig; T. Róg; I. Vattulainen,M. A. Javanainen,5
The opposing effect of butanol and butyric acid on the abundance of bromide and iodide at the aqueous solution–air interface,Physical Chemistry Chemical Physics,21,2019,Physical Chemistry Chemical Physics 21 (16): 8418-8427 (2019),10.1039/c8cp07448h,http://dx.doi.org/10.1039/c8cp07448h,M. T. Lee; F. Orlando; M. Khabiri; M. Roeselová; M. A. Brown; M. Ammann,M. Khabiri; M. Roeselová,6
The Devil Is in the Details: What Do We Really Track in Single-Particle Tracking Experiments of Diffusion in Biological Membranes?,Journal of Physical Chemistry Letters,10,2019,Journal of Physical Chemistry Letters 10 (5): 1005-1011 (2019),10.1021/acs.jpclett.9b00065,http://dx.doi.org/10.1021/acs.jpclett.9b00065,A. A. Gurtovenko; M. A. Javanainen; F. Lolicato; I. Vattulainen,M. A. Javanainen,4
Valence and Core-Level X-ray Photoelectron Spectroscopy of a Liquid Ammonia Microjet,Journal of the American Chemical Society,141,2019,Journal of the American Chemical Society 141 (5): 1838-1841 (2019),10.1021/jacs.8b10942,http://dx.doi.org/10.1021/jacs.8b10942,T. Buttersack; P. E. Mason; R. S. McMullen; T. Martinek; K. Březina; D. Hein; H. Ali; C. Kolbeck; C. Schewe; S. Malerz; B. Winter; R. Seidel; O. Maršálek; P. Jungwirth; S. E. Bradforth,T. Buttersack; P. E. Mason; T. Martinek; K. Březina; P. Jungwirth,15
Structure and Dynamics of the Hydration Shell: Spatially Decomposed Time Correlation Approach,Journal of Chemical Theory and Computation,15,2019,Journal of Chemical Theory and Computation 15 (2): 803-812 (2019),10.1021/acs.jctc.8b00111,http://dx.doi.org/10.1021/acs.jctc.8b00111,E. Pluhařová; P. Jungwirth; N. Matubayasi; O. Maršálek,P. Jungwirth; O. Maršálek,4
Rapid diffusion of cholesterol along polyunsaturated membranes via deep dives,Physical Chemistry Chemical Physics,21,2019,Physical Chemistry Chemical Physics 21 (22): 11660-11669 (2019),10.1039/c9cp02022e,http://dx.doi.org/10.1039/c9cp02022e,M. A. Javanainen; H. Martinez-Seara,M. A. Javanainen; H. Martinez-Seara,2
Photophysics of BODIPY-Based Photosensitizer for Photodynamic Therapy: Surface Hopping and Classical Molecular Dynamics,Journal of Chemical Theory and Computation,15,2019,Journal of Chemical Theory and Computation 15 (9): 5046-5057 (2019),10.1021/acs.jctc.9b00533,http://dx.doi.org/10.1021/acs.jctc.9b00533,M. Pederzoli; M. W. Baig; M. Kývala; J. Pittner; L. Cwiklik,L. Cwiklik,5
Vapour-liquid equilibrium of acetone-CO2 mixtures of different compositions at the vicinity of the critical point,Journal of CO2 Utilization,34,2019,Journal of CO2 Utilization 34: 465-471 (2019),10.1016/j.jcou.2019.07.001,http://dx.doi.org/10.1016/j.jcou.2019.07.001,B. Fábián; G. Horvai; A. Idrissi; P. Jedlovszky,B. Fábián,4
A Ceramide-Regulated Element in the Late Endosomal Protein LAPTM4B Controls Amino Acid Transporter Interaction,ACS Central Science,4,2018,ACS Central Science 4 (5): 548-558 (2018),10.1021/acscentsci.7b00582,http://dx.doi.org/10.1021/acscentsci.7b00582,K. Zhou; A. Dichlberger; H. Martinez-Seara Monne; T. K. M. Nyholm; S. Li; Y. A. Kim; I. Vattulainen; E. Ikonen; T. Blom,H. Martinez-Seara Monne,9
Accurate Binding of Sodium and Calcium to a POPC Bilayer by Effective Inclusion of Electronic Polarization,Journal of Physical Chemistry B,122,2018,Journal of Physical Chemistry B 122 (16): 4546-4557 (2018),10.1021/acs.jpcb.7b12510,http://dx.doi.org/10.1021/acs.jpcb.7b12510,J. Melcr; H. Martinez-Seara Monne; R. Nencini; J. Kolafa; P. Jungwirth; S. Ollila,J. Melcr; H. Martinez-Seara Monne; R. Nencini; P. Jungwirth; S. Ollila,6
Binding of Divalent Cations to Insulin: Capillary Electrophoresis and Molecular Simulations,Journal of Physical Chemistry B,122,2018,Journal of Physical Chemistry B 122 (21): 5640-5648 (2018),10.1021/acs.jpcb.7b12097,http://dx.doi.org/10.1021/acs.jpcb.7b12097,E. Duboué-Dijon; P. Delcroix; H. Martinez-Seara Monne; J. Hladílková; P. Coufal; T. Křížek; P. Jungwirth,E. Duboué-Dijon; P. Delcroix; H. Martinez-Seara Monne; P. Jungwirth,7
Arginine-rich cell-penetrating peptides induce membrane multilamellarity and subsequently enter via formation of a fusion pore,Proceedings of the National Academy of Sciences of the United States of America,115,2018,Proceedings of the National Academy of Sciences of the United States of America 115 (47): 11923-11928 (2018),10.1073/pnas.1811520115,http://dx.doi.org/10.1073/pnas.1811520115,C. Allolio; A. S. Magarkar; P. Jurkiewicz; K. L. Baxová; M. A. Javanainen; P. E. Mason; R. Šachl; M. Cebecauer; M. Hof; D. Horinek; V. Heinz; R. Rachel; C. M. Ziegler; A. Schröfel; P. Jungwirth,C. Allolio; A. S. Magarkar; K. L. Baxová; M. A. Javanainen; P. E. Mason; P. Jungwirth,15
Atomistic Model for Nearly Quantitative Simulations of Langmuir Monolayers,Langmuir,34,2018,Langmuir 34 (7): 2565-2572 (2018),10.1021/acs.langmuir.7b02855,http://dx.doi.org/10.1021/acs.langmuir.7b02855,M. Javanainen; A. Lamberg; L. Cwiklik; I. Vattulainen; S. Ollila,L. Cwiklik; S. Ollila,5
Hydration and Ion Pairing in Aqueous Mg2+ and Zn2+ Solutions: Force-Field Description Aided by Neutron Scattering Experiments and Ab Initio Molecular Dynamics Simulations,Journal of Physical Chemistry B,122,2018,Journal of Physical Chemistry B 122 (13): 3296–3306 (2018),10.1021/acs.jpcb.7b09612,http://dx.doi.org/10.1021/acs.jpcb.7b09612,E. Duboué-Dijon; P. E. Mason; H. E. Fischer; P. Jungwirth,E. Duboué-Dijon; P. E. Mason; P. Jungwirth,4
Molecular Dynamics and Neutron Scattering Studies of Mixed Solutions of Caffeine and Pyridine in Water,Journal of Physical Chemistry B,122,2018,Journal of Physical Chemistry B 122 (21): 5308-5315 (2018),10.1021/acs.jpcb.7b07798,http://dx.doi.org/10.1021/acs.jpcb.7b07798,L. Tavagnacco; P. E. Mason; G. W. Neilson; M. L. Saboungi; A. Cesaro; J. W. Brady,P. E. Mason,6
Rapid Water Transport through Organic Layers on Ice,Journal of Physical Chemistry A,122,2018,Journal of Physical Chemistry A 122 (21): 4861-4868 (2018),10.1021/acs.jpca.8b01951,http://dx.doi.org/10.1021/acs.jpca.8b01951,X. Kong; C. Toubin; A. Habartová; E. Pluhařová; M. Roeselová; J. B. C. Pettersson,A. Habartová; E. Pluhařová; M. Roeselová,6
Rotational Dynamics of Proteins from Spin Relaxation Times and Molecular Dynamics Simulations,Journal of Physical Chemistry B,122,2018,Journal of Physical Chemistry B 122 (25): 6559-6569 (2018),10.1021/acs.jpcb.8b02250,http://dx.doi.org/10.1021/acs.jpcb.8b02250,S. Ollila; H. A. Heikkinen; H. Iwaï,S. Ollila,3
Calcium ions in aqueous solutions: Accurate force field description aided by ab initio molecular dynamics and neutron scattering,Journal of Chemical Physics,148,2018,Journal of Chemical Physics 148 (22): 222813 (2018),10.1063/1.5006779,http://dx.doi.org/10.1063/1.5006779,T. Martinek; E. Duboué-Dijon; Š. Timr; P. E. Mason; K. L. Baxová; H. E. Fischer; B. Schmidt; E. Pluhařová; P. Jungwirth,T. Martinek; E. Duboué-Dijon; Š. Timr; P. E. Mason; K. L. Baxová; P. Jungwirth,9
NMR structure of the C-terminal domain of TonB protein from Pseudomonas aeruginosa,PeerJ,6,2018,PeerJ 6: e5412 (2018),10.7717/peerj.5412,http://dx.doi.org/10.7717/peerj.5412,J. S. Oeemig; S. Ollila; H. Iwaï,S. Ollila,3
Orientation of Laurdan in Phospholipid Bilayers Influences Its Fluorescence: Quantum Mechanics and Classical Molecular Dynamics Study,Molecules,23,2018,Molecules 23 (7): e1707 (2018),10.3390/molecules23071707,http://dx.doi.org/10.3390/molecules23071707,M. W. Baig; M. Pederzoli; P. Jurkiewicz; L. Cwiklik; J. Pittner,L. Cwiklik,5
How to minimize dye-induced perturbations while studying biomembrane structure and dynamics: PEG linkers as a rational alternative,Biochimica et Biophysica Acta - Biomembranes,1860,2018,Biochimica et Biophysica Acta - Biomembranes 1860 (11): 2436-2445 (2018),10.1016/j.bbamem.2018.07.003,http://dx.doi.org/10.1016/j.bbamem.2018.07.003,E. Mobarak; M. A. Javanainen; W. Kulig; A. Honigmann; E. Sezgin; N. Aho; C. Eggeling; T. Róg; I. Vattulainen,M. A. Javanainen,9
Water dynamics in concentrated electrolytes: Local ion effect on hydrogen-bond jumps rather than collective coupling to ion clusters,Proceedings of the National Academy of Sciences of the United States of America,115,2018,Proceedings of the National Academy of Sciences of the United States of America 115 (22): E4953-E4954 (2018),10.1073/pnas.1803988115,http://dx.doi.org/10.1073/pnas.1803988115,G. Stirnemann; P. Jungwirth; D. Laage,P. Jungwirth,3
Arginine,Accounts of Chemical Research,51,2018,Accounts of Chemical Research 51 (6): 1455-1464 (2018),10.1021/acs.accounts.8b00098,http://dx.doi.org/10.1021/acs.accounts.8b00098,M. Vazdar; J. Heyda; P. E. Mason; G. Tesei; C. Allolio; M. Lund; P. Jungwirth,P. E. Mason; P. Jungwirth,7
Hypercooling Temperature of Water is about 100 K Higher than Calculated before,Journal of Physical Chemistry Letters,9,2018,Journal of Physical Chemistry Letters 9 (3): 471-475 (2018),10.1021/acs.jpclett.7b03068,http://dx.doi.org/10.1021/acs.jpclett.7b03068,T. Buttersack; V. C. Weiss; S. Bauerecker,T. Buttersack,3
Bobbing of Oxysterols: Molecular Mechanism for Translocation of Tail-Oxidized Sterols through Biological Membranes,Journal of Physical Chemistry Letters,9,2018,Journal of Physical Chemistry Letters 9 (5): 1118-1123 (2018),10.1021/acs.jpclett.8b00211,http://dx.doi.org/10.1021/acs.jpclett.8b00211,W. Kulig; H. Mikkolainen; A. Olžyńska; P. Jurkiewicz; L. Cwiklik; M. Hof; I. Vattulainen; P. Jungwirth; T. Róg,L. Cwiklik; P. Jungwirth,9
Calcium Sensing by Recoverin: Effect of Protein Conformation on Ion Affinity,Journal of Physical Chemistry Letters,9,2018,Journal of Physical Chemistry Letters 9 (7): 1613-1619 (2018),10.1021/acs.jpclett.8b00495,http://dx.doi.org/10.1021/acs.jpclett.8b00495,Š. Timr; J. Kadlec; P. Srb; S. Ollila; P. Jungwirth,Š. Timr; J. Kadlec; S. Ollila; P. Jungwirth,5
Membrane bound COMT isoform is an interfacial enzyme: general mechanism and new drug design paradigm,Chemical Communications,54,2018,Chemical Communications 54 (28): 3440-3443 (2018),10.1039/c8cc00221e,http://dx.doi.org/10.1039/c8cc00221e,A. S. Magarkar; P. Parkkila; T. Viitala; T. Lajunen; E. Mobarak; G. Licari; O. Cramariuc; E. Vauthey; T. Róg; A. Bunker,A. S. Magarkar,10
"Ion-Induced Long-Range Orientational Correlations in Water: Strong or Weak, Physiologically Relevant or Unimportant, and Unique to Water or Not?",Journal of Physical Chemistry Letters,9,2018,Journal of Physical Chemistry Letters 9 (8): 2056-2057 (2018),10.1021/acs.jpclett.8b01027,http://dx.doi.org/10.1021/acs.jpclett.8b01027,P. Jungwirth; D. Laage,P. Jungwirth,2
Anomalous surface behavior of hydrated guanidinium ions due to ion pairing,Journal of Chemical Physics,148,2018,Journal of Chemical Physics 148 (14): 144508 (2018),10.1063/1.5024348,http://dx.doi.org/10.1063/1.5024348,V. Ekholm; M. Vazdar; P. E. Mason; E. Bialik; M. M. Walz; G. Öhrwall; J. Werner; J. E. Rubensson; P. Jungwirth; O. Björneholm,P. E. Mason; P. Jungwirth,10
Homeopatie a placebo,Chemické listy,112,2018,Chemické listy 112 (10): 667-668 (2018),,,P. Jungwirth,P. Jungwirth,1
"Can Arginine Inhibit Insulin Aggregation? A Combined Protein Crystallography, Capillary Electrophoresis, and Molecular Simulation Study",Journal of Physical Chemistry B,122,2018,Journal of Physical Chemistry B 122 (44): 10069-10076 (2018),10.1021/acs.jpcb.8b06557,http://dx.doi.org/10.1021/acs.jpcb.8b06557,K. Březina; E. Duboué-Dijon; V. Palivec; J. Jiráček; T. Křížek; C. M. Viola; T. R. Ganderton; A. M. Brzozowski; P. Jungwirth,K. Březina; E. Duboué-Dijon; V. Palivec; P. Jungwirth,9
Distributions of therapeutically promising neurosteroids in cellular membranes,Chemistry and Physics of Lipids,203,2017,Chemistry and Physics of Lipids 203: 78-86 (2017),10.1016/j.chemphyslip.2016.12.004,http://dx.doi.org/10.1016/j.chemphyslip.2016.12.004,K. Riedlová; M. Nekardová; P. Kačer; K. Syslová; M. Vazdar; P. Jungwirth; E. Kudová; L. Cwiklik,K. Riedlová; P. Jungwirth; L. Cwiklik,8
Characterization of pollen-expressed bZIP protein interactions and the role of ATbZIP18 in the male gametophyte,Plant Reproduction,30,2017,Plant Reproduction 30 (1): 1-17 (2017),10.1007/s00497-016-0295-5,http://dx.doi.org/10.1007/s00497-016-0295-5,A. Gibalová; L. Steinbachová; S. Hafidh; V. Bláhová; Z. Gadiou; C. Michailidis; K. Müller; R. Pleskot; N. Dupľáková; D. Honys,R. Pleskot,10
Exploring Fluorescent Dyes at Biomimetic Interfaces with Second Harmonic Generation and Molecular Dynamics,Langmuir,33,2017,Langmuir 33 (14): 3373-3383 (2017),10.1021/acs.langmuir.7b00403,http://dx.doi.org/10.1021/acs.langmuir.7b00403,G. Licari; L. Cwiklik; P. Jungwirth; E. Vauthey,L. Cwiklik; P. Jungwirth,4
Beyond the Hofmeister Series: Ion-Specific Effects on Proteins and Their Biological Functions,Journal of Physical Chemistry B,121,2017,Journal of Physical Chemistry B 121 (9): 1997-2014 (2017),10.1021/acs.jpcb.6b10797,http://dx.doi.org/10.1021/acs.jpcb.6b10797,H. I. Okur; J. Hladílková; K. B. Rembert; Y. Cho; J. Heyda; J. Dzubiella; P. S. Cremer; P. Jungwirth,J. Hladílková; P. Jungwirth,8
Anomalous Protein-Protein Interactions in Multivalent Salt Solution,Journal of Physical Chemistry B,121,2017,Journal of Physical Chemistry B 121 (14): 3000-3006 (2017),10.1021/acs.jpcb.7b01051,http://dx.doi.org/10.1021/acs.jpcb.7b01051,C. Pasquier; M. Vazdar; J. Forsman; P. Jungwirth; M. Lund,P. Jungwirth,5
A computational study suggests that replacing PEG with PMOZ may increase exposure of hydrophobic targeting moiety,European Journal of Pharmaceutical Sciences,103,2017,European Journal of Pharmaceutical Sciences 103 (SI): 128-135 (2017),10.1016/j.ejps.2017.03.008,http://dx.doi.org/10.1016/j.ejps.2017.03.008,A. S. Magarkar; T. Róg; A. Bunker,A. S. Magarkar,3
Coupled Valence-Bond State Molecular Dynamics Description of an Enzyme-Catalyzed Reaction in a Non-Aqueous Organic Solvent,Journal of Physical Chemistry B,121,2017,Journal of Physical Chemistry B 121 (29): 7027-7041 (2017),10.1021/acs.jpcb.7b03102,http://dx.doi.org/10.1021/acs.jpcb.7b03102,E. Duboué-Dijon; E. Pluhařová; D. Domin; K. Sen; A. C. Fogarty; N. Chéron; D. Laage,E. Duboué-Dijon,7
Size and Origins of Long-Range Orientational Water Correlations in Dilute Aqueous Salt Solutions,Journal of Physical Chemistry Letters,8,2017,Journal of Physical Chemistry Letters 8 (9): 2031-2035 (2017),10.1021/acs.jpclett.7b00727,http://dx.doi.org/10.1021/acs.jpclett.7b00727,E. Pluhařová; D. Laage; P. Jungwirth,P. Jungwirth,3
Increased Binding of Calcium Ions at Positively Curved Phospholipid Membranes,Journal of Physical Chemistry Letters,8,2017,Journal of Physical Chemistry Letters 8 (2): 518-523 (2017),10.1021/acs.jpclett.6b02818,http://dx.doi.org/10.1021/acs.jpclett.6b02818,A. S. Magarkar; P. Jurkiewicz; C. Allolio; M. Hof; P. Jungwirth,A. S. Magarkar; C. Allolio; P. Jungwirth,5
"Two cations, two mechanisms: interactions of sodium and calcium with zwitterionic lipid membranes",Chemical Communications,53,2017,Chemical Communications 53 (39): 5380-5383 (2017),10.1039/c7cc02208e,http://dx.doi.org/10.1039/c7cc02208e,M. Javanainen; A. Melcrová; A. S. Magarkar; P. Jurkiewicz; M. Hof; P. Jungwirth,A. S. Magarkar; P. Jungwirth,6
Excessive aggregation of membrane proteins in the Martini model,PLOS ONE,12,2017,PLOS ONE 12 (11): e0187936 (2017),10.1371/journal.pone.0187936,http://dx.doi.org/10.1371/journal.pone.0187936,M. Javanainen; H. Martinez-Seara Monne; I. Vattulainen,H. Martinez-Seara Monne,3
Computational and structural evidence for neurotransmitter-mediated modulation of the oligomeric states of human insulin in storage granules,Journal of Biological Chemistry,292,2017,Journal of Biological Chemistry 292 (20): 8342-8355 (2017),10.1074/jbc.M117.775924,http://dx.doi.org/10.1074/jbc.M117.775924,V. Palivec; C. M. Viola; M. Kozak; T. R. Ganderton; K. Křížková; J. P. Turkenburg; P. Halušková; L. Žáková; J. Jiráček; P. Jungwirth; A. M. Brzozowski,V. Palivec; P. Jungwirth,11
Behavior of sphingomyelin and ceramide in a tear film lipid layer model,Annals of Anatomy-Anatomischer Anzeiger,210,2017,Annals of Anatomy-Anatomischer Anzeiger 210: 128-134 (2017),10.1016/j.aanat.2016.10.005,http://dx.doi.org/10.1016/j.aanat.2016.10.005,A. Olžyńska; L. Cwiklik,L. Cwiklik,2
Molecular Dynamics Insights into Water-Parylene C Interface: Relevance of Oxygen Plasma Treatment for Biocompatibility,ACS Applied Materials and Interfaces,9,2017,ACS Applied Materials and Interfaces 9 (19): 16685-16693 (2017),10.1021/acsami.7b03265,http://dx.doi.org/10.1021/acsami.7b03265,M. Golda-Cepa; W. Kulig; L. Cwiklik; A. Kotarba,L. Cwiklik,4
Influence of doxorubicin on model cell membrane properties: insights from in vitro and in silico studies,Scientific Reports,7,2017,Scientific Reports 7: 6343 (2017),10.1038/s41598-017-06445-z,http://dx.doi.org/10.1038/s41598-017-06445-z,A. C. Alves; A. S. Magarkar; M. Horta; J. L. F. C. Lima; A. Bunker; C. Nunes; S. Reis,A. S. Magarkar,7
Membrane Binding of Recoverin: From Mechanistic Understanding to Biological Functionality,ACS Central Science,3,2017,ACS Central Science 3 (8): 868-874 (2017),10.1021/acscentsci.7b00210,http://dx.doi.org/10.1021/acscentsci.7b00210,Š. Timr; R. Pleskot; J. Kadlec; J. M. Kohagen; A. S. Magarkar; P. Jungwirth,Š. Timr; R. Pleskot; J. Kadlec; J. M. Kohagen; A. S. Magarkar; P. Jungwirth,6
Atomistic fingerprint of hyaluronan-CD44 binding,PLOS Computational Biology,13,2017,PLOS Computational Biology 13 (7): e1005663 (2017),10.1371/journal.pcbi.1005663,http://dx.doi.org/10.1371/journal.pcbi.1005663,J. Vuorio; I. Vattulainen; H. Martinez-Seara Monne,H. Martinez-Seara Monne,3
"Calcium Directly Regulates Phosphatidylinositol 4,5-Bisphosphate Headgroup Conformation and Recognition",Journal of the American Chemical Society,139,2017,Journal of the American Chemical Society 139 (11): 4019-4024 (2017),10.1021/jacs.6b11760,http://dx.doi.org/10.1021/jacs.6b11760,E. Bilkova; R. Pleskot; S. Rissanen; S. Sun; A. Czogalla; L. Cwiklik; T. Róg; I. Vattulainen; P. S. Cremer; P. Jungwirth; U. Coskun,R. Pleskot; L. Cwiklik; P. Jungwirth,11
Long-chain GM1 gangliosides alter transmembrane domain registration through interdigitation,Biochimica et Biophysica Acta - Biomembranes,1859,2017,Biochimica et Biophysica Acta - Biomembranes 1859 (5): 870-878 (2017),10.1016/j.bbamem.2017.01.033,http://dx.doi.org/10.1016/j.bbamem.2017.01.033,M. Manna; M. Javanainen; H. Martinez-Seara Monne; H. J. Gabius; T. Róg; I. Vattulainen,H. Martinez-Seara Monne,6
A novel in silico framework to improve MHC-I epitopes and break the tolerance to melanoma,Oncoimmunology,6,2017,Oncoimmunology 6 (9): e1319028 (2017),10.1080/2162402X.2017.1319028,http://dx.doi.org/10.1080/2162402X.2017.1319028,C. Capasso; A. S. Magarkar; V. Cervera-Carrascon; M. Fusciello; S. Feola; M. Muller; M. Garofalo; L. Kuryk; S. Tähtinen; L. Pastore; A. Bunker; V. Cerullo,A. S. Magarkar,12
Membrane cholesterol access into a G-protein-coupled receptor,Nature Communications,8,2017,Nature Communications 8: 14505 (2017),10.1038/ncomms14505,http://dx.doi.org/10.1038/ncomms14505,R. Guixa-González; J. L. Albasanz; I. Rodriguez-Espigares; M. Pastor; F. Sanz; M. Martí-Solano; M. Manna; H. Martinez-Seara Monne; P. W. Hildebrand; M. Martín; J. Selent,H. Martinez-Seara Monne,11
Guanidinium can both Cause and Prevent the Hydrophobic Collapse of Biomacromolecules,Journal of the American Chemical Society,139,2017,Journal of the American Chemical Society 139 (2): 863-870 (2017),10.1021/jacs.6b11082,http://dx.doi.org/10.1021/jacs.6b11082,J. Heyda; H. I. Okur; J. Hladílková; K. B. Rembert; W. Hunn; T. Yang; J. Dzubiella; P. Jungwirth; P. S. Cremer,J. Hladílková; P. Jungwirth,9
Self-association of a highly charged arginine-rich cell-penetrating peptide,Proceedings of the National Academy of Sciences of the United States of America,114,2017,Proceedings of the National Academy of Sciences of the United States of America 114 (43): 11428-11433 (2017),10.1073/pnas.1712078114,http://dx.doi.org/10.1073/pnas.1712078114,G. Tesei; M. Vazdar; M. R. Jensen; C. Cragnell; P. E. Mason; J. Heyda; M. Skepö; P. Jungwirth; M. Lund,P. E. Mason; P. Jungwirth,9
Changes in the hydration structure of imidazole upon protonation: Neutron scattering and molecular simulations,Journal of Chemical Physics,146,2017,Journal of Chemical Physics 146 (18): 185102 (2017),10.1063/1.4982937,http://dx.doi.org/10.1063/1.4982937,E. Duboué-Dijon; P. E. Mason; H. E. Fischer; P. Jungwirth,E. Duboué-Dijon; P. E. Mason; P. Jungwirth,4
Dynamical Dimension to the Hofmeister Series: Insights from First-Principles Simulations,ChemPhysChem,17,2016,ChemPhysChem 17 (8): 1166-1173 (2016),10.1002/cphc.201501150,http://dx.doi.org/10.1002/cphc.201501150,G. Bekcioglu-Neff; C. Allolio; Y. S. Desmukh; M. R. Hansen; D. Sebastiani,C. Allolio,5
Arginine side chain interactions and the role of arginine as a gating charge carrier in voltage sensitive ion channels,Scientific Reports,6,2016,Scientific Reports 6: 21759 (2016),10.1038/srep21759,http://dx.doi.org/10.1038/srep21759,C. T. Armstrong; P. E. Mason; J. L. R. Anderson; C. E. Dempsey,P. E. Mason,4
A Non-Exploding Alkali Metal Drop on Water: From Blue Solvated Electrons to Bursting Molten Hydroxide,Angewandte Chemie International Edition,55,2016,Angewandte Chemie International Edition 55 (42): 13019-13022 (2016),10.1002/anie.201605986,http://dx.doi.org/10.1002/anie.201605986,P. E. Mason; T. Buttersack; S. Bauerecker; P. Jungwirth,P. E. Mason; P. Jungwirth,4
Molecular aspects of the interaction between Mason—Pfizer monkey virus matrix protein and artificial phospholipid membrane,"Proteins - Structure, Function and Bioinformatics",84,2016,"Proteins - Structure, Function and Bioinformatics 84 (11): 1717-1727 (2016)",10.1002/prot.25156,http://dx.doi.org/10.1002/prot.25156,P. Junková; J. Prchal; V. Spiwok; R. Pleskot; J. Kadlec; L. Krásný; R. Hynek; R. Hrabal; T. Ruml,R. Pleskot; J. Kadlec,9
Mixed DPPC/POPC Monolayers: All-atom Molecular Dynamics Simulations and Langmuir Monolayer Experiments,Biochimica et Biophysica Acta - Biomembranes,1858,2016,Biochimica et Biophysica Acta - Biomembranes 1858 (12): 3120-3130 (2016),10.1016/j.bbamem.2016.09.015,http://dx.doi.org/10.1016/j.bbamem.2016.09.015,A. Olžyńska; M. Zubek; M. Roeselová; J. Korchowiec; L. Cwiklik,M. Roeselová; L. Cwiklik,5
The complex nature of calcium cation interactions with phospholipid bilayers,Scientific Reports,6,2016,Scientific Reports 6: 38035  (2016),10.1038/srep38035,http://dx.doi.org/10.1038/srep38035,A. Melcrová; Š. Pokorná; S. Pullanchery; J. M. Kohagen; P. Jurkiewicz; M. Hof; P. Jungwirth; P. S. Cremer; L. Cwiklik,J. M. Kohagen; P. Jungwirth; L. Cwiklik,9
The Partitioning of Small Aromatic Molecules to Air-Water and Phospholipid Interfaces Mediated by Non-Hydrophobic Interactions,Journal of Physical Chemistry B,120,2016,Journal of Physical Chemistry B 120 (30): 7408-7422 (2016),10.1021/acs.jpcb.6b05084,http://dx.doi.org/10.1021/acs.jpcb.6b05084,R. Perkins; A. Kukharchuk; P. Delcroix; R. K. Shoemaker; M. Roeselová; L. Cwiklik; V. Vaida,P. Delcroix; M. Roeselová; L. Cwiklik,7
What Can We Learn about Cholesterol′s Transmembrane Distribution Based on Cholesterol-Induced Changes in Membrane Dipole Potential?,Journal of Physical Chemistry Letters,7,2016,Journal of Physical Chemistry Letters 7 (22): 4585-4590 (2016),10.1021/acs.jpclett.6b02123,http://dx.doi.org/10.1021/acs.jpclett.6b02123,S. G. Falkovich; H. Martinez-Seara; A. M. Nesterenko; I. Vattulainen; A. A. Gurtovenko,H. Martinez-Seara,5
Cholesterol oxidation products and their biological importance,Chemistry and Physics of Lipids,199,2016,Chemistry and Physics of Lipids 199: 144-160 (2016),10.1016/j.chemphyslip.2016.03.001,http://dx.doi.org/10.1016/j.chemphyslip.2016.03.001,W. Kulig; L. Cwiklik; P. Jurkiewicz; T. Róg; I. Vattulainen,L. Cwiklik,5
Guanidinium Pairing Facilitates Membrane Translocation,Journal of Physical Chemistry B,120,2016,Journal of Physical Chemistry B 120 (1): 143-153 (2016),10.1021/acs.jpcb.5b10404,http://dx.doi.org/10.1021/acs.jpcb.5b10404,C. Allolio; K. L. Baxová; M. Vazdar; P. Jungwirth,C. Allolio; K. L. Baxová; P. Jungwirth,4
Accounting for Electronic Polarization Effects in Aqueous Sodium Chloride via Molecular Dynamics Aided by Neutron Scattering,Journal of Physical Chemistry B,120,2016,Journal of Physical Chemistry B 120 (8): 1454-1460 (2016),10.1021/acs.jpcb.5b05221,http://dx.doi.org/10.1021/acs.jpcb.5b05221,J. M. Kohagen; P. E. Mason; P. Jungwirth,J. M. Kohagen; P. E. Mason; P. Jungwirth,3
Dependence of the Rate of LiF Ion-Pairing on the Description of Molecular Interaction,Journal of Physical Chemistry B,120,2016,Journal of Physical Chemistry B 120 (8): 1749-1758 (2016),10.1021/acs.jpcb.5b09344,http://dx.doi.org/10.1021/acs.jpcb.5b09344,E. Pluhařová; M. D. Baer; G. K. Schenter; P. Jungwirth; C. J. Mundy,E. Pluhařová; P. Jungwirth,5
Polyarginine Interacts More Strongly and Cooperatively than Polylysine with Phospholipid Bilayers,Journal of Physical Chemistry B,120,2016,Journal of Physical Chemistry B 120 (35): 9287-9296 (2016),10.1021/acs.jpcb.6b05604,http://dx.doi.org/10.1021/acs.jpcb.6b05604,A. D. Robison; S. Sun; M. F. Poyton; G. A. Johnson; J. P. Pellois; P. Jungwirth; M. Vazdar; P. S. Cremer,P. Jungwirth,8
Efficient preparation and analysis of membrane and membrane protein systems,Biochimica et Biophysica Acta - Biomembranes,1858,2016,Biochimica et Biophysica Acta - Biomembranes 1858 (10): 2468-2482 (2016),10.1016/j.bbamem.2016.02.036,http://dx.doi.org/10.1016/j.bbamem.2016.02.036,M. Javanainen; H. Martinez-Seara,H. Martinez-Seara,2
"Stearylated cycloarginine nanosystems for intracellular delivery - simulations, formulation and proof of concept",RSC Advances,6,2016,RSC Advances 6 (114): 113538-113550 (2016),10.1039/c6ra16432c,http://dx.doi.org/10.1039/c6ra16432c,V. Dhawan; A. S. Magarkar; G. Joshi; D. Makhija; A. Jain; J. Shah; B. V. V. Reddy; M. Krishnapriya; T. Róg; A. Bunker; A. Jagtap; M. Nagarsenker,A. S. Magarkar,12
Molecular electrometer and binding of cations to phospholipid bilayers,Physical Chemistry Chemical Physics,18,2016,Physical Chemistry Chemical Physics 18 (47): 32560-32569 (2016),10.1039/c6cp04883h,http://dx.doi.org/10.1039/c6cp04883h,A. Catte; M. Girych; M. Javanainen; C. Loison; J. Melcr; M. S. Miettinen; L. Monticelli; J. Määttä; V. S. Oganesyan; O. H. S. Ollila; J. Tynkkynen; S. Vilov,J. Melcr,12
Transmembrane Potential Modeling: Comparison between Methods of Constant Electric Field and Ion Imbalance,Journal of Chemical Theory and Computation,12,2016,Journal of Chemical Theory and Computation 12 (5): 2418-2425 (2016),10.1021/acs.jctc.5b01202,http://dx.doi.org/10.1021/acs.jctc.5b01202,J. Melcr; D. Bonhenry; Š. Timr; P. Jungwirth,J. Melcr; D. Bonhenry; Š. Timr; P. Jungwirth,4
"Rational design of liposomal drug delivery systems, a review: Combined experimental and computational studies of lipid membranes, liposomes and their PEGylation",Biochimica et Biophysica Acta - Biomembranes,1858,2016,Biochimica et Biophysica Acta - Biomembranes 1858 (10): 2334-2352 (2016),10.1016/j.bbamem.2016.02.025,http://dx.doi.org/10.1016/j.bbamem.2016.02.025,A. Bunker; A. S. Magarkar; T. Viitala,A. S. Magarkar,3
"A comment on “pH and the surface tension of water” (J. K. Beattie, A. M. Djerdjev, A. Gray-Weale, N. Kallay, J. Lützenkirchen, T. Preočanin, A. Selmani, J. Colloid Interface Sci. 422 (2014) 54.)",Journal of Colloid and Interface Science,448,2015,Journal of Colloid and Interface Science 448 (15): 593 (2015),10.1016/j.jcis.2014.09.054,http://dx.doi.org/10.1016/j.jcis.2014.09.054,P. Jungwirth; D. J. Tobias,P. Jungwirth,2
Nonlinear Optical Properties of Fluorescent Dyes Allow for Accurate Determination of Their Molecular Orientations in Phospholipid Membranes,Journal of Physical Chemistry B,119,2015,Journal of Physical Chemistry B 119 (30): 9706-9716 (2015),10.1021/acs.jpcb.5b05123,http://dx.doi.org/10.1021/acs.jpcb.5b05123,Š. Timr; J. Brabec; A. Bondar; T. Ryba; M. Železný; J. Lazar; P. Jungwirth,Š. Timr; P. Jungwirth,7
Coulomb explosion during the early stages of the reaction of alkali metals with water,Nature Chemistry,7,2015,Nature Chemistry 7 (3): 250-254 (2015),10.1038/NCHEM.2161,http://dx.doi.org/10.1038/NCHEM.2161,P. E. Mason; F. Uhlig; V. Vaněk; T. Buttersack; S. Bauerecker; P. Jungwirth,P. E. Mason; F. Uhlig; P. Jungwirth,6
Mechanism of anisotropic surface self-diffusivity at the prismatic ice–vapor interface,Physical Chemistry Chemical Physics,17,2015,Physical Chemistry Chemical Physics 17 (35): 22947-22958 (2015),10.1039/c5cp01330e,http://dx.doi.org/10.1039/c5cp01330e,I. Gladich; A. Oswald; N. Bowens; S. Naatz; P. Rowe; M. Roeselová; S. Neshyba,M. Roeselová,7
Biological Water or Rather Water in Biology?,Journal of Physical Chemistry Letters,6,2015,Journal of Physical Chemistry Letters 6 (13): 2449-2451 (2015),10.1021/acs.jpclett.5b01143,http://dx.doi.org/10.1021/acs.jpclett.5b01143,P. Jungwirth,P. Jungwirth,1
Proton transfer in a short hydrogen bond caused by solvation shell fluctuations: an ab initio MD and NMR/UV study of an (OHO)- bonded system,Physical Chemistry Chemical Physics,17,2015,Physical Chemistry Chemical Physics 17 (6): 4634-4644 (2015),10.1039/c4cp04727c,http://dx.doi.org/10.1039/c4cp04727c,S. Pylaeva; C. Allolio; B. Koeppe; G. S. Denisov; H. H. Limbach; D. Sebastiani; P. M. Tolstoy,C. Allolio,7
Modeling Photoionization of Aqueous DNA and Its Components,Accounts of Chemical Research,48,2015,Accounts of Chemical Research 48 (5): 1209-1217 (2015),10.1021/ar500366z,http://dx.doi.org/10.1021/ar500366z,E. Pluhařová; P. Slavíček; P. Jungwirth,E. Pluhařová; P. Jungwirth,3
Exploring Ion-Ion Interactions in Aqueous Solutions by a Combination of Molecular Dynamics and Neutron Scattering,Journal of Physical Chemistry Letters,6,2015,Journal of Physical Chemistry Letters 6 (9): 1563-1567 (2015),10.1021/acs.jpclett.5b00060,http://dx.doi.org/10.1021/acs.jpclett.5b00060,J. M. Kohagen; E. Pluhařová; P. E. Mason; P. Jungwirth,J. M. Kohagen; P. E. Mason; P. Jungwirth,4
The song of lipids and proteins: dynamic lipid-protein interfaces in the regulation of plant cell polarity at different scales,Journal of Experimental Botany,66,2015,Journal of Experimental Botany 66 (6): 1587-1598 (2015),10.1093/jxb/erv052,http://dx.doi.org/10.1093/jxb/erv052,J. Sekereš; R. Pleskot; P. Pejchar; V. Žárský; M. Potocký,R. Pleskot,5
Neutron Scattering Studies of the Hydration Structure of Li+,Journal of Physical Chemistry B,119,2015,Journal of Physical Chemistry B 119 (5): 2003-2009 (2015),10.1021/jp511508n,http://dx.doi.org/10.1021/jp511508n,P. E. Mason; S. Ansell; G. W. Neilson; S. B. Rempe,P. E. Mason,4
Water Wires in Aqueous Solutions from First-Principles Calculations,Journal of Physical Chemistry B,119,2015,Journal of Physical Chemistry B 119 (10): 4053-4060 (2015),10.1021/jp5121417,http://dx.doi.org/10.1021/jp5121417,G. Bekcioglu; C. Allolio; D. Sebastiani,C. Allolio,3
Oxidation of Cholesterol Does Not Alter Significantly Its Uptake into High-Density Lipoprotein Particles,Journal of Physical Chemistry B,119,2015,Journal of Physical Chemistry B 119 (13): 4594-4600 (2015),10.1021/acs.jpcb.5b00240,http://dx.doi.org/10.1021/acs.jpcb.5b00240,T. Karilainen; Š. Timr; I. Vattulainen; P. Jungwirth,Š. Timr; P. Jungwirth,4
Experimental determination and computational interpretation of biophysical properties of lipid bilayers enriched by cholesteryl hemisuccinate,Biochimica et Biophysica Acta - Biomembranes,1848,2015,Biochimica et Biophysica Acta - Biomembranes 1848 (2): 422-432 (2015),10.1016/j.bbamem.2014.10.032,http://dx.doi.org/10.1016/j.bbamem.2014.10.032,W. Kulig; P. Jurkiewicz; A. Olžyńska; J. Tynkkynen; M. Javanainen; M. Manna; T. Róg; M. Hof; I. Vattulainen; P. Jungwirth,P. Jungwirth,10
Hydration of Hydroxyl and Amino Groups Examined by Molecular Dynamics and Neutron Scattering,Journal of Physical Chemistry B,119,2015,Journal of Physical Chemistry B 119 (21): 6357-6365 (2015),10.1021/jp510528u,http://dx.doi.org/10.1021/jp510528u,J. Hladílková; H. E. Fischer; P. Jungwirth; P. E. Mason,J. Hladílková; P. Jungwirth; P. E. Mason,4
Identification of Di(oxymethylene)glycol in the Raman Spectrum of Formaldehyde Aqueous Solutions by ab lnitio Molecular Dynamics Simulations and Quantum Chemistry Calculations,Journal of Physical Chemistry A,119,2015,Journal of Physical Chemistry A 119 (38): 9785-9793 (2015),10.1021/acs.jpca.5b06293,http://dx.doi.org/10.1021/acs.jpca.5b06293,P. Delcroix; M. Pagliai; G. Cardini; D. Bégué; B. Hanoune,P. Delcroix,5
Molecular Simulations of Halomethanes at the Air/Ice Interface,Journal of Physical Chemistry A,119,2015,Journal of Physical Chemistry A 119 (39): 10052-10059 (2015),10.1021/acs.jpca.5b06071,http://dx.doi.org/10.1021/acs.jpca.5b06071,A. Habartová; L. Hormain; E. Pluhařová; S. Briquez; M. Monnerville; C. Toubin; M. Roeselová,A. Habartová; E. Pluhařová; M. Roeselová,7
Scorpion toxins prefer salt solutions,Journal of Molecular Modeling,21,2015,Journal of Molecular Modeling 21 (11): 287 (2015),10.1007/s00894-015-2822-y,http://dx.doi.org/10.1007/s00894-015-2822-y,A. Nikouee; M. Khabiri; L. Cwiklik,M. Khabiri; L. Cwiklik,3
Cholesterol under oxidative stress—How lipid membranes sense oxidation as cholesterol is being replaced by oxysterols,Free Radical Biology and Medicine,84,2015,Free Radical Biology and Medicine 84: 30-41 (2015),10.1016/j.freeradbiomed.2015.03.006,http://dx.doi.org/10.1016/j.freeradbiomed.2015.03.006,W. Kulig; A. Olžyńska; P. Jurkiewicz; A. M. Kantola; S. Komulainen; M. Manna; M. Pourmousa; M. Vazdar; L. Cwiklik; T. Róg; G. Khelashvili; D. Harries; V. -. V. Telkki; M. Hof; I. Vattulainen; P. Jungwirth,L. Cwiklik; P. Jungwirth,16
Lack of Aggregation of Molecules on Ice Nanoparticles,Journal of Physical Chemistry A,119,2015,Journal of Physical Chemistry A 119 (34): 8991-8999 (2015),10.1021/acs.jpca.5b05368,http://dx.doi.org/10.1021/acs.jpca.5b05368,A. Pysanenko; A. Habartová; P. Svrčková; J. Lengyel; V. Poterya; M. Roeselová; J. Fedor; M. Fárník,A. Habartová; M. Roeselová,8
Interaction of L-Phenylalanine with a Phospholipid Monolayer at the Water–Air Interface,Journal of Physical Chemistry B,119,2015,Journal of Physical Chemistry B 119 (29): 9038-9048 (2015),10.1021/jp508473w,http://dx.doi.org/10.1021/jp508473w,E. C. Griffith; R. Perkins; D. Telesford; E. M. Adams; L. Cwiklik; H. C. Allen; M. Roeselová; V. Vaida,L. Cwiklik; M. Roeselová,8
Investigation of Mixed Surfactant Films at Water Surface Using Molecular Dynamics Simulations,Langmuir,31,2015,Langmuir 31 (42): 11508-11515 (2015),10.1021/acs.langmuir.5b02854,http://dx.doi.org/10.1021/acs.langmuir.5b02854,A. Habartová; M. Roeselová; L. Cwiklik,A. Habartová; M. Roeselová; L. Cwiklik,3
Membrane targeting of the yeast exocyst complex,Biochimica et Biophysica Acta - Biomembranes,1848,2015,Biochimica et Biophysica Acta - Biomembranes 1848 (7): 1481-1489 (2015),10.1016/j.bbamem.2015.03.026,http://dx.doi.org/10.1016/j.bbamem.2015.03.026,R. Pleskot; L. Cwiklik; P. Jungwirth; V. Žárský; M. Potocký,L. Cwiklik; P. Jungwirth,5
Oxidation Half-Reaction of Aqueous Nucleosides and Nucleotides via Photoelectron Spectroscopy Augmented by ab Initio Calculations,Journal of the American Chemical Society,137,2015,Journal of the American Chemical Society 137 (1): 201-209 (2015),10.1021/ja508149e,http://dx.doi.org/10.1021/ja508149e,C. A. Schroeder; E. Pluhařová; R. Seidel; W. P. Schroeder; M. Faubel; P. Slavíček; B. Winter; P. Jungwirth; S. E. Bradforth,E. Pluhařová; P. Jungwirth,9
Does fluoride disrupt hydrogen bond network in cationic lipid bilayer? Time-dependent fluorescence shift of Laurdan and molecular dynamics simulations,Journal of Chemical Physics,141,2014,Journal of Chemical Physics 141 (22): 22D516 (2014),10.1063/1.4898798,http://dx.doi.org/10.1063/1.4898798,Š. Pokorná; P. Jurkiewicz; M. Vazdar; L. Cwiklik; P. Jungwirth; M. Hof,L. Cwiklik; P. Jungwirth,6
Charges at aqueous interfaces: Development of computational approaches in direct contact with experiment,"Advances in Chemical Physics, Volume 155",,2014,"Advances in Chemical Physics, Volume 155, 69-95, Springer (2014)",10.1002/9781118755815.ch02,http://dx.doi.org/10.1002/9781118755815.ch02,R. Vácha; F. Uhlig; P. Jungwirth,F. Uhlig; P. Jungwirth,3
Single Lipid Extraction: The Anchoring Strength of Cholesterol in Liquid- Ordered and Liquid-Disordered Phases,Biophysical Journal,107,2014,Biophysical Journal 107 (5): 1167-1175 (2014),10.1016/j.bpj.2014.07.018,http://dx.doi.org/10.1016/j.bpj.2014.07.018,F. W. Stetter; L. Cwiklik; P. Jungwirth; T. Hugel,L. Cwiklik; P. Jungwirth,4
Accurate Determination of the Orientational Distribution of a Fluorescent Molecule in a Phospholipid Membrane,Journal of Physical Chemistry B,118,2014,Journal of Physical Chemistry B 118 (4): 855-863 (2014),10.1021/jp4067026,http://dx.doi.org/10.1021/jp4067026,Š. Timr; A. Bondar; L. Cwiklik; M. Štefl; M. Hof; M. Vazdar; J. Lazar; P. Jungwirth,Š. Timr; L. Cwiklik; P. Jungwirth,8
DNA lesion can facilitate base ionization: vertical ionization energies of aqueous 8-oxoguanine and its nucleoside and nucleotide,Journal of Physical Chemistry B,118,2014,Journal of Physical Chemistry B 118 (48): 13833-13837 (2014),10.1021/jp5111086,http://dx.doi.org/10.1021/jp5111086,V. Palivec; E. Pluhařová; I. Unger; B. Winter; P. Jungwirth,V. Palivec; E. Pluhařová; P. Jungwirth,5
Ion Pairing: From Water Clusters to the Aqueous Bulk,Journal of Physical Chemistry B,118,2014,Journal of Physical Chemistry B 118 (35): 10333-10334 (2014),10.1021/jp507964q,http://dx.doi.org/10.1021/jp507964q,P. Jungwirth,P. Jungwirth,1
Partial hydration of n-alkyl halides at the water–vapor interface: a molecular simulation study with atmospheric implications,Theoretical Chemistry Accounts,133,2014,Theoretical Chemistry Accounts 133 (3): 1455 (2014),10.1007/s00214-014-1455-z,http://dx.doi.org/10.1007/s00214-014-1455-z,A. Habartová; A. Obisesan; B. Minofar; M. Roeselová,A. Habartová; M. Roeselová,4
Organization of Lipids in the Tear Film: A Molecular-Level View,PLOS ONE,9,2014,PLOS ONE 9 (3): e92461 (2014),10.1371/journal.pone.0092461,http://dx.doi.org/10.1371/journal.pone.0092461,A. Wizert; D. R. Iskander; L. Cwiklik,L. Cwiklik,3
"Adsorption, Mobility, and Self-Association of Naphthalene and 1-Methylnaphthalene at the Water-Vapor Interface",Journal of Physical Chemistry A,118,2014,Journal of Physical Chemistry A 118 (6): 1052-1066 (2014),10.1021/jp408977b,http://dx.doi.org/10.1021/jp408977b,I. Gladich; A. Habartová; M. Roeselová,I. Gladich; A. Habartová; M. Roeselová,3
Surface Behavior of Hydrated Guanidinium and Ammonium Ions: A Comparative Study by Photoelectron Spectroscopy and Molecular Dynamics,Journal of Physical Chemistry B,118,2014,Journal of Physical Chemistry B 118 (25): 7119-7127 (2014),10.1021/jp500867w,http://dx.doi.org/10.1021/jp500867w,J. Werner; E. Wernersson; V. Ekholm; N. Ottosson; G. Öhrwall; J. Heyda; I. Persson; J. Söderström; P. Jungwirth; O. Björneholm,E. Wernersson; J. Heyda; P. Jungwirth,10
Accurate Description of Calcium Solvation in Concentrated Aqueous Solutions,Journal of Physical Chemistry B,118,2014,Journal of Physical Chemistry B 118 (28): 7902-7909 (2014),10.1021/jp5005693,http://dx.doi.org/10.1021/jp5005693,J. M. Kohagen; P. E. Mason; P. Jungwirth,J. M. Kohagen; P. E. Mason; P. Jungwirth,3
Optical Spectroscopy of the Bulk and Interfacial Hydrated Electron from Ab Initio Calculations,Journal of Physical Chemistry A,118,2014,Journal of Physical Chemistry A 118 (35): 7507-7515 (2014),10.1021/jp5004243,http://dx.doi.org/10.1021/jp5004243,F. Uhlig; J. M. Herbert; M. P. Coons; P. Jungwirth,F. Uhlig; P. Jungwirth,4
Spectroscopic Properties of Benzene at the Air-Ice Interface: A Combined Experimental-Computational Approach,Journal of Physical Chemistry A,118,2014,Journal of Physical Chemistry A 118 (35): 7535-7547 (2014),10.1021/jp501094n,http://dx.doi.org/10.1021/jp501094n,R. Kania; J. K. Malongwe; D. Nachtigallová; J. Krousko; I. Gladich; M. Roeselová; D. Heger; P. Klán,M. Roeselová,8
Aqueous Cation-Amide Binding: Free Energies and IR Spectral Signatures by Ab Initio Molecular Dynamics,Journal of Physical Chemistry Letters,5,2014,Journal of Physical Chemistry Letters 5 (13): 2235-2240 (2014),10.1021/jz500976m,http://dx.doi.org/10.1021/jz500976m,E. Pluhařová; M. D. Baer; C. J. Mundy; B. Schmidt; P. Jungwirth,E. Pluhařová; P. Jungwirth,5
Hydration of the chloride ion in concentrated aqueous solutions using neutron scattering and molecular dynamics,Molecular Physics,112,2014,Molecular Physics 112 (9-10): 1230-1240 (2014),10.1080/00268976.2013.875231,http://dx.doi.org/10.1080/00268976.2013.875231,E. Pluhařová; H. E. Fischer; P. E. Mason; P. Jungwirth,E. Pluhařová; P. E. Mason; P. Jungwirth,4
How well does cholesteryl hemisuccinate mimic cholesterol in saturated phospholipid bilayers?,Journal of Molecular Modeling,20,2014,Journal of Molecular Modeling 20 (2): 2121 (2014),10.1007/s00894-014-2121-z,http://dx.doi.org/10.1007/s00894-014-2121-z,W. Kulig; J. Tynkkynen; M. Javanainen; M. Manna; T. Róg; I. Vattulainen; P. Jungwirth,P. Jungwirth,7
"A review of air-ice chemical and physical interactions (AICI): liquids, quasi-liquids, and solids in snow",Atmospheric Chemistry and Physics,14,2014,Atmospheric Chemistry and Physics 14 (3): 1587-1633 (2014),10.5194/acp-14-1587-2014,http://dx.doi.org/10.5194/acp-14-1587-2014,T. Bartels-Rausch; H. W. Jacobi; T. F. Kahan; J. L. Thomas; E. S. Thomson; J. P. D. Abbatt; M. Ammann; J. R. Blackford; H. Bluhm; C. Boxe; F. Domine; M. M. Frey; I. Gladich; M. I. Guzmán; D. Heger; T. Huthwelker; P. Klán; W. F. Kuhs; M. H. Kuo; S. Maus; S. G. Moussa; V. F. McNeill; J. T. Newberg; J. B. C. Pettersson; M. Roeselová; J. R. Sodeau,I. Gladich; M. Roeselová,26
Electrophoretic mobilities of neutral analytes and electroosmotic flow markers in aqueous solutions of Hofmeister salts,Electrophoresis,35,2014,Electrophoresis 35 (5): 617-624 (2014),10.1002/elps.201300544,http://dx.doi.org/10.1002/elps.201300544,T. Křížek; A. Kubíčková; J. Hladílková; P. Coufal; J. Heyda; P. Jungwirth,J. Hladílková; P. Jungwirth,6
Beyond Hofmeister,Nature Chemistry,6,2014,Nature Chemistry 6 (4): 261-263 (2014),10.1038/nchem.1899,http://dx.doi.org/10.1038/nchem.1899,P. Jungwirth; P. S. Cremer,P. Jungwirth,2
Interactions of gaseous HNO3 and water with individual and mixed alkyl self-assembled monolayers at room temperature,Physical Chemistry Chemical Physics,16,2014,Physical Chemistry Chemical Physics 16 (6): 2358-2367 (2014),10.1039/c3cp54118e,http://dx.doi.org/10.1039/c3cp54118e,N. Nishino; S. A. Hollingsworth; A. C. Stern; M. Roeselová; D. J. Tobias; B. J. Finlayson-Pitts,M. Roeselová,6
Specific potassium ion interactions facilitate homocysteine binding to betaine-homocysteine S-methyltransferase,"Proteins - Structure, Function and Bioinformatics",82,2014,"Proteins - Structure, Function and Bioinformatics 82 (10): 2552-2564 (2014)",10.1002/prot.24619,http://dx.doi.org/10.1002/prot.24619,J. Mládková; J. Hladílková; C. E. Diamond; K. Tryon; K. Yamada; T. A. Garrow; P. Jungwirth; M. Koutmos; J. Jiráček,J. Hladílková; P. Jungwirth,9
Calcium binding to calmodulin by molecular dynamics with effective polarization,Journal of Physical Chemistry Letters,5,2014,Journal of Physical Chemistry Letters 5 (22): 3964-3969 (2014),10.1021/jz502099g,http://dx.doi.org/10.1021/jz502099g,J. M. Kohagen; M. Lepšík; P. Jungwirth,J. M. Kohagen; P. Jungwirth,3
Direct observation of the collapse of the delocalized excess electron in water,Nature Chemistry,6,2014,Nature Chemistry 6 (8): 697-701 (2014),10.1038/NCHEM.1995,http://dx.doi.org/10.1038/NCHEM.1995,J. Savolainen; F. Uhlig; S. Ahmed; P. Hamm; P. Jungwirth,F. Uhlig; P. Jungwirth,5
"Aggregation of Oligoarginines at Phospholipid Membranes: Molecular Dynamics Simulations, Time-Dependent Fluorescence Shift, and Biomimetic Colorimetric Assays",Journal of Physical Chemistry B,117,2013,Journal of Physical Chemistry B 117 (39): 11530-11540 (2013),10.1021/jp405451e,http://dx.doi.org/10.1021/jp405451e,M. Vazdar; E. Wernersson; M. Khabiri; L. Cwiklik; P. Jurkiewicz; M. Hof; E. Mann; S. Kolusheva; R. Jelinek; P. Jungwirth,M. Vazdar; E. Wernersson; M. Khabiri; L. Cwiklik; P. Jungwirth,10
Reversal of the Hofmeister Series: Specific Ion Effects on Peptides,Journal of Physical Chemistry B,117,2013,Journal of Physical Chemistry B 117 (27): 8150-8158 (2013),10.1021/jp405683s,http://dx.doi.org/10.1021/jp405683s,J. Paterová; K. B. Rembert; J. Heyda; Y. Kurra; H. I. Okur; W. R. Liu; C. Hilty; P. S. Cremer; P. Jungwirth,J. Paterová; P. Jungwirth,9
Molecular dynamics simulations of small halogenated organics at the air-water interface: implications in water treatment and atmospheric chemistry,Journal of Physical Chemistry A,117,2013,Journal of Physical Chemistry A 117 (38): 9205-9215 (2013),10.1021/jp405292k,http://dx.doi.org/10.1021/jp405292k,A. Habartová; K. T. Valsaraj; M. Roeselová,A. Habartová; M. Roeselová,3
Ion Pairing in Aqueous Lithium Salt Solutions with Monovalent and Divalent Counter-Anions,Journal of Physical Chemistry A,117,2013,Journal of Physical Chemistry A 117 (46): 11766–11773 (2013),10.1021/jp402532e,http://dx.doi.org/10.1021/jp402532e,E. Pluhařová; P. E. Mason; P. Jungwirth,E. Pluhařová; P. E. Mason; P. Jungwirth,3
Release of Halide Ions from the Buried Active Site of the Haloalkane Dehalogenase LinB Revealed by Stopped-Flow Fluorescence Analysis and Free Energy Calculations,Journal of Physical Chemistry B,117,2013,Journal of Physical Chemistry B 117 (46): 14329-14335 (2013),10.1021/jp409040u,http://dx.doi.org/10.1021/jp409040u,J. Hladílková; Z. Prokop; R. Chaloupková; J. Damborský; P. Jungwirth,J. Hladílková; P. Jungwirth,5
Aqueous Guanidinium–Carbonate Interactions by Molecular Dynamics and Neutron Scattering: Relevance to Ion–Protein Interactions,Journal of Physical Chemistry B,117,2013,Journal of Physical Chemistry B 117 (6): 1844-1848 (2013),10.1021/jp310719g,http://dx.doi.org/10.1021/jp310719g,M. Vazdar; P. Jungwirth; P. E. Mason,M. Vazdar; P. Jungwirth; P. E. Mason,3
Cation-Specific Effects on Enzymatic Catalysis Driven by Interactions at the Tunnel Mouth,Journal of Physical Chemistry B,117,2013,Journal of Physical Chemistry B 117 (21): 6394-6402 (2013),10.1021/jp401506v,http://dx.doi.org/10.1021/jp401506v,V. Štěpánková; J. Paterová; J. Damborský; P. Jungwirth; R. Chaloupková; J. Heyda,J. Paterová; P. Jungwirth; J. Heyda,6
Embedded Cluster Models for Reactivity of the Hydrated Electron,Zeitschrift für Physikalische Chemie,227,2013,Zeitschrift für Physikalische Chemie 227 (11): 1583-1593 (2013),10.1524/zpch.2013.0402,http://dx.doi.org/10.1524/zpch.2013.0402,F. Uhlig; P. Jungwirth,F. Uhlig; P. Jungwirth,2
Hofmeister series of ions: A simple theory of a not so simple reality,Journal of Physical Chemistry Letters,4,2013,Journal of Physical Chemistry Letters 4 (24): 4258-4259 (2013),10.1021/jz402369u,http://dx.doi.org/10.1021/jz402369u,P. Jungwirth,P. Jungwirth,1
Effects of end-group termination on salting-out constants for triglycine,Journal of Physical Chemistry Letters,4,2013,Journal of Physical Chemistry Letters 4 (23): 4069-4073 (2013),10.1021/jz4022238,http://dx.doi.org/10.1021/jz4022238,J. Hladílková; J. Heyda; K. B. Rembert; H. I. Okur; Y. Kurra; W. R. Liu; C. Hilty; P. S. Cremer; P. Jungwirth,J. Hladílková; P. Jungwirth,9
Ab initio molecular dynamics approach to a quantitative description of ion pairing in water,Journal of Physical Chemistry Letters,4,2013,Journal of Physical Chemistry Letters 4 (23): 4177-4181 (2013),10.1021/jz402177q,http://dx.doi.org/10.1021/jz402177q,E. Pluhařová; O. Maršálek; B. Schmidt; P. Jungwirth,E. Pluhařová; O. Maršálek; P. Jungwirth,4
Mechanisms of Acceleration and Retardation of Water Dynamics by Ions,Journal of the American Chemical Society,135,2013,Journal of the American Chemical Society 135 (32): 11824-11831 (2013),10.1021/ja405201s,http://dx.doi.org/10.1021/ja405201s,G. Stirnemann; E. Wernersson; P. Jungwirth; D. Laage,E. Wernersson; P. Jungwirth,4
Unexpectedly Small Effect of the DNA Environment on Vertical Ionization Energies of Aqueous Nucleobases,Journal of Physical Chemistry Letters,4,2013,Journal of Physical Chemistry Letters 4 (21): 3766-3769 (2013),10.1021/jz402106h,http://dx.doi.org/10.1021/jz402106h,E. Pluhařová; C. Schroeder; R. Seidel; S. E. Bradforth; B. Winter; M. Faubel; P. Slavíček; P. Jungwirth,E. Pluhařová; P. Jungwirth,8
Electron at the Surface of Water: Dehydrated or Not?,Journal of Physical Chemistry Letters,4,2013,Journal of Physical Chemistry Letters 4 (2): 338-343 (2013),10.1021/jz3020953,http://dx.doi.org/10.1021/jz3020953,F. Uhlig; O. Maršálek; P. Jungwirth,F. Uhlig; O. Maršálek; P. Jungwirth,3
A new structural technique for examining ion-neutral association in aqueous solution,Faraday Discussions,160,2013,Faraday Discussions 160: 161-170 (2013),10.1039/c2fd20081c,http://dx.doi.org/10.1039/c2fd20081c,P. E. Mason; G. W. Neilson; D. L. Price; M. L. Saboungi; J. W. Brady,P. E. Mason,5
Interactions of monovalent salts with cationic lipid bilayers,Faraday Discussions,160,2013,Faraday Discussions 160: 341-358 (2013),10.1039/C2FD20098H,http://dx.doi.org/10.1039/C2FD20098H,Š. Pokorná; P. Jurkiewicz; L. Cwiklik; M. Vazdar; M. Hof,L. Cwiklik; M. Vazdar,5
Peptide salt bridge stability: From gas phase via microhydration to bulk water simulations,Journal of Chemical Physics,137,2012,Journal of Chemical Physics 137 (18): 185101 (2012),10.1063/1.4765052,http://dx.doi.org/10.1063/1.4765052,E. Pluhařová; O. Maršálek; B. Schmidt; P. Jungwirth,E. Pluhařová; O. Maršálek; P. Jungwirth,4
Affine-response model of molecular solvation of ions: Accurate predictions of asymmetric charging free energies,Journal of Chemical Physics,137,2012,Journal of Chemical Physics 137 (12): 124101 (2012),10.1063/1.4752735,http://dx.doi.org/10.1063/1.4752735,J. P. Bardhan; P. Jungwirth; L. Makowski,P. Jungwirth,3
Properties of oxidized phospholipid monolayers: An atomistic molecular dynamics study,Chemical Physics Letters,519-520,2012,Chemical Physics Letters 519-520: 93-99 (2012),10.1016/j.cplett.2011.11.016,http://dx.doi.org/10.1016/j.cplett.2011.11.016,M. Khabiri; M. Roeselová; L. Cwiklik,M. Khabiri; M. Roeselová; L. Cwiklik,3
Behavior of 4-Hydroxynonenal in Phospholipid Membranes,Journal of Physical Chemistry B,116,2012,Journal of Physical Chemistry B 116 (22): 6411-6415 (2012),10.1021/jp3044219,http://dx.doi.org/10.1021/jp3044219,M. Vazdar; P. Jurkiewicz; M. Hof; P. Jungwirth; L. Cwiklik,M. Vazdar; P. Jungwirth; L. Cwiklik,5
Lipid hydration and mobility: An interplay between fluorescence solvent relaxation experiments and molecular dynamics simulations,Biochimie,94,2012,Biochimie 94 (1): 26-32 (2012),10.1016/j.biochi.2011.06.027,http://dx.doi.org/10.1016/j.biochi.2011.06.027,P. Jurkiewicz; L. Cwiklik; P. Jungwirth; M. Hof,L. Cwiklik; P. Jungwirth,4
"Structure, dynamics, and hydration of POPC/POPS bilayers suspended in NaCl, KCl, and CsCl solutions",Biochimica et Biophysica Acta - Biomembranes,1818,2012,Biochimica et Biophysica Acta - Biomembranes 1818 (3): 609-616 (2012),10.1016/j.bbamem.2011.11.033,http://dx.doi.org/10.1016/j.bbamem.2011.11.033,P. Jurkiewicz; L. Cwiklik; A. Vojtíšková; P. Jungwirth; M. Hof,L. Cwiklik; P. Jungwirth,5
Biophysics of lipid bilayers containing oxidatively modified phospholipids: Insights from fluorescence and EPR experiments and from MD simulations,Biochimica et Biophysica Acta - Biomembranes,1818,2012,Biochimica et Biophysica Acta - Biomembranes 1818 (10): 2388-2402 (2012),10.1016/j.bbamem.2012.05.020,http://dx.doi.org/10.1016/j.bbamem.2012.05.020,P. Jurkiewicz; A. Olžyńska; L. Cwiklik; E. Conte; P. Jungwirth; F. M. Megli; M. Hof,L. Cwiklik; P. Jungwirth,7
Accurate Description of Aqueous Carbonate Ions: An Effective Polarization Model Verified by Neutron Scattering,Journal of Physical Chemistry B,116,2012,Journal of Physical Chemistry B 116 (28): 8145-8153 (2012),10.1021/jp3008267,http://dx.doi.org/10.1021/jp3008267,P. E. Mason; E. Wernersson; P. Jungwirth,P. E. Mason; E. Wernersson; P. Jungwirth,3
Transforming Anion Instability into Stability: Contrasting Photoionization of Three Protonation Forms of the Phosphate Ion upon Moving into Water,Journal of Physical Chemistry B,116,2012,Journal of Physical Chemistry B 116 (44): 13254-13264 (2012),10.1021/jp306348b,http://dx.doi.org/10.1021/jp306348b,E. Pluhařová; M. Ončák; R. Seidel; C. Schroeder; W. Schroeder; B. Winter; S. E. Bradforth; P. Jungwirth; P. Slavíček,E. Pluhařová; P. Jungwirth,9
Semiclassical Hybrid Approach to Condensed Phase Molecular Dynamics: Application to the I2Kr17 Cluster,Journal of Physical Chemistry A,116,2012,Journal of Physical Chemistry A 116 (46): 11199-11210 (2012),10.1021/jp305084f,http://dx.doi.org/10.1021/jp305084f,M. Buchholz; C. M. Goletz; F. Grossman; B. Schmidt; J. Heyda; P. Jungwirth,P. Jungwirth,6
Unraveling the Complex Nature of the Hydrated Electron,Journal of Physical Chemistry Letters,3,2012,Journal of Physical Chemistry Letters 3 (20): 3071-3075 (2012),10.1021/jz301449f,http://dx.doi.org/10.1021/jz301449f,F. Uhlig; O. Maršálek; P. Jungwirth,F. Uhlig; O. Maršálek; P. Jungwirth,3
Comparison of selected polarizable and nonpolarizable water models in molecular dynamics simulations of ice Ih,Physical Chemistry Chemical Physics,14,2012,Physical Chemistry Chemical Physics 14 (32): 11371-11385 (2012),10.1039/c2cp41497j,http://dx.doi.org/10.1039/c2cp41497j,I. Gladich; M. Roeselová,I. Gladich; M. Roeselová,2
Solvation and ion-pairing properties of the aqueous sulfate anion: explicit versus effective electronic polarization,Physical Chemistry Chemical Physics,14,2012,Physical Chemistry Chemical Physics 14 (29): 10248-10257 (2012),10.1039/c2cp40711f,http://dx.doi.org/10.1039/c2cp40711f,L. Pegado; O. Maršálek; P. Jungwirth; E. Wernersson,O. Maršálek; P. Jungwirth; E. Wernersson,4
Ions at Hydrophobic Aqueous Interfaces: Molecular Dynamics with Effective Polarization,Journal of Physical Chemistry Letters,3,2012,Journal of Physical Chemistry Letters 3 (15): 2087-2091 (2012),10.1021/jz300805b,http://dx.doi.org/10.1021/jz300805b,M. Vazdar; E. Pluhařová; P. E. Mason; R. Vácha; P. Jungwirth,M. Vazdar; E. Pluhařová; P. E. Mason; P. Jungwirth,5
Like-Charge Ion Pairing in Water: An Ab Initio Molecular Dynamics Study of Aqueous Guanidinium Cations,Journal of Physical Chemistry Letters,3,2012,Journal of Physical Chemistry Letters 3 (15): 2021-2024 (2012),10.1021/jz3007657,http://dx.doi.org/10.1021/jz3007657,M. Vazdar; F. Uhlig; P. Jungwirth,M. Vazdar; F. Uhlig; P. Jungwirth,3
Molecular Mechanisms of Ion-Specific Effects on Proteins,Journal of the American Chemical Society,134,2012,Journal of the American Chemical Society 134 (24): 10039-10046 (2012),10.1021/ja301297g,http://dx.doi.org/10.1021/ja301297g,K. B. Rembert; J. Paterová; J. Heyda; C. Hilty; P. Jungwirth; P. S. Cremer,J. Paterová; J. Heyda; P. Jungwirth,6
Counterion condensation in short cationic peptides: Limiting mobilities beyond the Onsager–Fuoss theory,Electrophoresis,33,2012,Electrophoresis 33 (6): 981-989 (2012),10.1002/elps.201100602,http://dx.doi.org/10.1002/elps.201100602,E. Wernersson; J. Heyda; A. Kubíčková; T. Křížek; P. Coufal; P. Jungwirth,E. Wernersson; J. Heyda; P. Jungwirth,6
Overcharging in Biological Systems: Reversal of Electrophoretic Mobility of Aqueous Polyaspartate by Multivalent Cations,Physical Review Letters,108,2012,Physical Review Letters 108 (18): 186101/1-186101/4 (2012),10.1103/PhysRevLett.108.186101,http://dx.doi.org/10.1103/PhysRevLett.108.186101,A. Kubíčková; T. Křížek; P. Coufal; M. Vazdar; E. Wernersson; J. Heyda; P. Jungwirth,M. Vazdar; E. Wernersson; P. Jungwirth,7
"Structure, Dynamics, and Reactivity of Hydrated Electrons by Ab Initio Molecular Dynamics",Accounts of Chemical Research,45,2012,Accounts of Chemical Research 45 (1): 23-32 (2012),10.1021/ar200062m,http://dx.doi.org/10.1021/ar200062m,O. Maršálek; F. Uhlig; J. Vandevondele; P. Jungwirth,O. Maršálek; F. Uhlig; P. Jungwirth,4
Charge Transfer between Water Molecules As the Possible Origin of the Observed Charging at the Surface of Pure Water,Journal of Physical Chemistry Letters,3,2012,Journal of Physical Chemistry Letters 3 (1): 107-111 (2012),10.1021/jz2014852,http://dx.doi.org/10.1021/jz2014852,R. Vácha; O. Maršálek; A. P. Willard; D. J. Bonthuis; R. R. Netz; P. Jungwirth,O. Maršálek; P. Jungwirth,6
Chasing charge localization and chemical reactivity following photoionization in liquid water,Journal of Chemical Physics,135,2011,Journal of Chemical Physics 135 (22): 224510 (2011),10.1063/1.3664746,http://dx.doi.org/10.1063/1.3664746,O. Maršálek; C. G. Elles; P. A. Pieniazek; E. Pluhařová; J. Vande Vondele; S. E. Bradforth; P. Jungwirth,O. Maršálek; E. Pluhařová; P. Jungwirth,7
Increased Propensity of Iaq− for the Water Surface in Non-neutral Solutions: Implications for the Interfacial Behavior of H3Oaq+ and OHaq−,Journal of Physical Chemistry Letters,2,2011,Journal of Physical Chemistry Letters 2 (9): 972-976 (2011),10.1021/jz2003233,http://dx.doi.org/10.1021/jz2003233,N. Ottosson; L. Cwiklik; J. Söderström; O. Björneholm; G. Öhrwall; P. Jungwirth,L. Cwiklik; P. Jungwirth,6
Complex Ion Effects on Polypeptide Conformational Stability: Chloride and Sulfate Salts of Guanidiniumand Tetrapropylammonium,Journal of the American Chemical Society,133,2011,Journal of the American Chemical Society 133 (19): 7300-7303 (2011),10.1021/ja201349g,http://dx.doi.org/10.1021/ja201349g,C. E. Dempsey; P. E. Mason; P. Jungwirth,P. Jungwirth,3
Guanidinium Cations Pair with Positively Charged Arginine Side Chains in Water,Journal of Physical Chemistry Letters,2,2011,Journal of Physical Chemistry Letters 2 (12): 1387-1389 (2011),10.1021/jz2005495,http://dx.doi.org/10.1021/jz2005495,A. Kubíčková; T. Křížek; P. Coufal; J. Heyda; P. Jungwirth,J. Heyda; P. Jungwirth,5
Arrhenius analysis of anisotropic surface self-diffusion on the prismatic facet of ice,Physical Chemistry Chemical Physics,13,2011,Physical Chemistry Chemical Physics 13 (44): 19960-19969 (2011),10.1039/c1cp22238d,http://dx.doi.org/10.1039/c1cp22238d,I. Gladich; W. Pfalzgraff; O. Maršálek; P. Jungwirth; M. Roeselová; S. Neshyba,I. Gladich; O. Maršálek; P. Jungwirth; M. Roeselová,6
Effects of micro-hydration in proton transfer from H2S·NO+ complex to water: Ab initio and molecular dynamics study,Collection of Czechoslovak Chemical Communications,76,2011,Collection of Czechoslovak Chemical Communications 76 (5): 585-603 (2011),10.1135/cccc2011047,http://dx.doi.org/10.1135/cccc2011047,I. Černušák; J. Federič; P. Jungwirth; M. Uhlár,P. Jungwirth,4
Absorption and Fluorescence of PRODAN in Phospholipid Bilayers: A Combined Quantum Mechanics and Classical Molecular Dynamics Study,Journal of Physical Chemistry A,115,2011,Journal of Physical Chemistry A 115 (41): 11428-11437 (2011),10.1021/jp205966b,http://dx.doi.org/10.1021/jp205966b,L. Cwiklik; A. J. A. Aquino; M. Vazdar; P. Jurkiewicz; J. Pittner; M. Hof; H. Lischka,L. Cwiklik; M. Vazdar,7
Oxidized Phosphatidylcholines Facilitate Phospholipid Flip-Flop in Liposomes,Biophysical Journal,101,2011,Biophysical Journal 101 (6): 1376-1384 (2011),10.1016/j.bpj.2011.07.051,http://dx.doi.org/10.1016/j.bpj.2011.07.051,R. Volinsky; L. Cwiklik; P. Jurkiewicz; M. Hof; P. Jungwirth; P. K. J. Kinnunen,L. Cwiklik; P. Jungwirth,6
The effect of lipid oxidation on the water permeability of phospholipids bilayers,Physical Chemistry Chemical Physics,13,2011,Physical Chemistry Chemical Physics 13 (39): 17555-17563 (2011),10.1039/c1cp21009b,http://dx.doi.org/10.1039/c1cp21009b,M. Lis; A. Wizert; M. Przybylo; M. Langner; J. Swiatek; P. Jungwirth; L. Cwiklik,P. Jungwirth; L. Cwiklik,7
Methyl and Pentyl Chloride in a Microhydrated Environment and at the Liquid Water-Vapor Interface: A Theoretical Study,Journal of Physical Chemistry B,115,2011,Journal of Physical Chemistry B 115 (8): 1807-1816 (2011),10.1021/jp107989k,http://dx.doi.org/10.1021/jp107989k,H. Pašalič; M. Roeselová; H. Lischka,M. Roeselová,3
Energetic Origin of Proton Affinity to the Air/Water Interface,Journal of Physical Chemistry B,115,2011,Journal of Physical Chemistry B 115 (16): 4745-4751 (2011),10.1021/jp2015676,http://dx.doi.org/10.1021/jp2015676,H. Takahashi; K. Maruyama; Y. Karino; A. Morita; M. Nakano; P. Jungwirth; N. Matubayasi,P. Jungwirth,7
Behavior of β-Amyloid 1−16 at the Air−Water Interface at Varying pH by Nonlinear Spectroscopy and Molecular Dynamics Simulations,Journal of Physical Chemistry A,115,2011,Journal of Physical Chemistry A 115 (23): 5873-5880 (2011),10.1021/jp110103j,http://dx.doi.org/10.1021/jp110103j,A. E. Miller; P. B. Petersen; C. H. Hollars; R. J. Saykally; J. Heyda; P. Jungwirth,J. Heyda; P. Jungwirth,6
Behavior of the Eigen Form of Hydronium at the Air/Water Interface,Journal of Physical Chemistry A,115,2011,Journal of Physical Chemistry A 115 (23): 5881-5886 (2011),10.1021/jp110078s,http://dx.doi.org/10.1021/jp110078s,B. Jagoda-Cwiklik; L. Cwiklik; P. Jungwirth,B. Jagoda-Cwiklik; L. Cwiklik; P. Jungwirth,3
The Ice−Vapor Interface and the Melting Point of Ice Ih for the Polarizable POL3 Water Model,Journal of Physical Chemistry A,115,2011,Journal of Physical Chemistry A 115 (23): 5973-5982 (2011),10.1021/jp110391q,http://dx.doi.org/10.1021/jp110391q,E. Muchová; I. Gladich; S. Picaud; P. N. M. Hoang; M. Roeselová,I. Gladich; M. Roeselová,5
"Comparative Molecular Dynamics Study of Vapor-Exposed Basel, Prismatic, and Pyramidal Surfaces of Ice",Journal of Physical Chemistry A,115,2011,Journal of Physical Chemistry A 115 (23): 6184-6193 (2011),10.1021/jp111359a,http://dx.doi.org/10.1021/jp111359a,W. Pfalzgraff; S. Neshyba; M. Roeselová,M. Roeselová,3
Microhydration of the Magnesium(II) Acetate Cation in the Gas Phase,Journal of Physical Chemistry A,115,2011,Journal of Physical Chemistry A 115 (25): 6813-6819 (2011),10.1021/jp110463b,http://dx.doi.org/10.1021/jp110463b,J. Heyda; P. Jungwirth; C. Shaffer; E. Zins; D. Schröder,J. Heyda; P. Jungwirth,5
Urea and Guanidinium Induced Denaturation of a Trp-Cage Miniprotein,Journal of Physical Chemistry B,115,2011,Journal of Physical Chemistry B 115 (28): 8910-8924 (2011),10.1021/jp200790h,http://dx.doi.org/10.1021/jp200790h,J. Heyda; M. Kožíšek; L. Bednárová; G. Thompson; J. Konvalinka; J. Vondrášek; P. Jungwirth,J. Heyda; P. Jungwirth,7
Like-Charge Guanidinium Pairing from Molecular Dynamics and Ab Initio Calculations,Journal of Physical Chemistry A,115,2011,Journal of Physical Chemistry A 115 (41): 11193-11201 (2011),10.1021/jp203519p,http://dx.doi.org/10.1021/jp203519p,M. Vazdar; J. Vymětal; J. Heyda; J. Vondrášek; P. Jungwirth,M. Vazdar; J. Heyda; P. Jungwirth,5
Orientational Dependence of the Affinity of Guanidinium Ions to the Water Surface,Journal of Physical Chemistry B,115,2011,Journal of Physical Chemistry B 115 (43): 12521-12526 (2011),10.1021/jp207499s,http://dx.doi.org/10.1021/jp207499s,E. Wernersson; J. Heyda; M. Vazdar; M. Lund; P. E. Mason; P. Jungwirth,E. Wernersson; J. Heyda; M. Vazdar; P. Jungwirth,6
Self-Organization of 1-Methylnaphthalene on the Surface of Artificial Snow Grains: A Combined Experimental - Computational Approach,Journal of Physical Chemistry A,115,2011,Journal of Physical Chemistry A 115 (41): 11412-11422 (2011),10.1021/jp205627a,http://dx.doi.org/10.1021/jp205627a,D. Heger; D. Nachtigallová; F. Surman; J. Krausko; B. Magyarová; M. Brumovský; M. Rubeš; I. Gladich; P. Klán,I. Gladich,9
Interactions of molecular ions with model phospholipid membranes,Collection of Czechoslovak Chemical Communications,76,2011,Collection of Czechoslovak Chemical Communications 76 (6): 695-711 (2011),10.1135/cccc2011026,http://dx.doi.org/10.1135/cccc2011026,M. Petrov; L. Cwiklik; P. Jungwirth,M. Petrov; L. Cwiklik; P. Jungwirth,3
"Internal structure, hydroscopic and reactive properties of mixed sodium methanesulfonate-sodium chloride particles",Physical Chemistry Chemical Physics,13,2011,Physical Chemistry Chemical Physics 13 (25): 11846-11857 (2011),10.1039/c1cp20444k,http://dx.doi.org/10.1039/c1cp20444k,Y. Liu; B. Minofar; Y. Desyaterik; E. Dames; Z. Zhu; J. P. Cain; R. J. Hopkins; M. K. Gilles; H. Wang; P. Jungwirth; A. Laskin,P. Jungwirth,11
The Orientation and Charge of Water at the Hydrophobic Oil Droplet - Water Interface,Journal of the American Chemical Society,133,2011,Journal of the American Chemical Society 133 (26): 10204-10210 (2011),10.1021/ja202081x,http://dx.doi.org/10.1021/ja202081x,R. Vácha; S. W. Rick; P. Jungwirth; A. G. F. de Beer; H. B. de Aguiar; J. Samson; S. Roke,P. Jungwirth,7
Surface Hydrophilicity-Dependent Water Adsorption on Mixed Self-Assembled Monolayers of C7–CH3 and C7–COOH Residues. A Grand Canonical Monte Carlo Simulation Study,Journal of Physical Chemistry C,115,2011,Journal of Physical Chemistry C 115 (39): 19165-19177 (2011),10.1021/jp201224h,http://dx.doi.org/10.1021/jp201224h,M. Szöri; M. Roeselová; P. Jedlovszky,M. Roeselová,3
"Ionization of Purine Tautomers in Nucleobases, Nucleosides, and Nucleotides: From the Gas Phase to the Aqueous Environment",Journal of Physical Chemistry B,115,2011,Journal of Physical Chemistry B 115 (5): 1294-1305 (2011),10.1021/jp110388v,http://dx.doi.org/10.1021/jp110388v,E. Pluhařová; P. Jungwirth; S. E. Bradforth; P. Slavíček,E. Pluhařová; P. Jungwirth,4
Physical chemistry: Water′s wafer - thin surface,Nature,474,2011,Nature 474 (7350): 168-169 (2011),10.1038/474168a,http://dx.doi.org/10.1038/474168a,P. Jungwirth,P. Jungwirth,1
From a localized H3O radical to a delocalized H3O+⋯e− solvent-separated pair by sequential hydration,Physical Chemistry Chemical Physics,13,2011,Physical Chemistry Chemical Physics 13 (31): 14003-14009 (2011),10.1039/c1cp20764d,http://dx.doi.org/10.1039/c1cp20764d,F. Uhlig; O. Maršálek; P. Jungwirth,F. Uhlig; O. Maršálek; P. Jungwirth,3
Oxidation Changes Physical Properties of Phospholipid Bilayers: Fluorescence Spectroscopy and Molecular Simulations,Langmuir,26,2010,Langmuir 26 (9): 6140-6144 (2010),10.1021/la100657a,http://dx.doi.org/10.1021/la100657a,L. Beranová; L. Cwiklik; P. Jurkiewicz; M. Hof; P. Jungwirth,L. Cwiklik; P. Jungwirth,5
Mechanism of Interaction of Monovalent Ions with Phosphatidylcholine Lipid Membranes,Journal of Physical Chemistry B,114,2010,Journal of Physical Chemistry B 114 (29): 9504-9509 (2010),10.1021/jp102389k,http://dx.doi.org/10.1021/jp102389k,R. Vácha; P. Jurkiewicz; M. Petrov; M. L. Berkowitz; R. A. Böckmann; J. Barucha-Kraszewska; M. Hof; P. Jungwirth,R. Vácha; M. Petrov; P. Jungwirth,8
Ion Binding to Biomolecules,Specific Ion Effects,,2010,"Specific Ion Effects, 217-230, World Scientific (2010)",10.1142/9789814271585_0008,http://dx.doi.org/10.1142/9789814271585_0008,M. Lund; J. Heyda; P. Jungwirth,J. Heyda; P. Jungwirth,3
Surface organization of aqueous MgCl2 and application to atmospheric marine aerosol chemistry,Proceedings of the National Academy of Sciences of the United States of America,107,2010,Proceedings of the National Academy of Sciences of the United States of America 107 (15): 6616-6621 (2010),10.1073/pnas.0912322107,http://dx.doi.org/10.1073/pnas.0912322107,N. N. Casillas-Ituarte; K. M. Callahan; C. Y. Tang; X. Chen; M. Roeselová; D. J. Tobias; H. C. Allen,M. Roeselová,7
Effect of Surface Pollution on Homogeneous Ice Nucleation: A Molecular Dynamics Study,Journal of Physical Chemistry C,114,2010,Journal of Physical Chemistry C 114 (17): 7831-7838 (2010),10.1021/jp9090238,http://dx.doi.org/10.1021/jp9090238,E. Pluhařová; L. Vrbka; P. Jungwirth,E. Pluhařová; P. Jungwirth,3
Water adsorption on hydrophilic and hydrophobic self-assembled monolayers as proxies for atmospheric surfaces. A grand canonical Monte Carlo simulation study,Physical Chemistry Chemical Physics,12,2010,Physical Chemistry Chemical Physics 12 (18): 4604-4616 (2010),10.1039/b923382b,http://dx.doi.org/10.1039/b923382b,M. Szöri; P. Jedlovszky; M. Roeselová,M. Szöri; M. Roeselová,3
Photoelectron spectroscopy of liquid water and aqueous solution: Electron effective attenuation lengths and emission-angle anisotropy,Journal of Electron Spectroscopy and Related Phenomena,177,2010,Journal of Electron Spectroscopy and Related Phenomena 177 (2/3): 60-70 (2010),10.1016/j.elspec.2009.08.007,http://dx.doi.org/10.1016/j.elspec.2009.08.007,N. Ottosson; M. Faubel; S. E. Bradforth; P. Jungwirth; B. Winter,P. Jungwirth,5
The influence of concentration on the molecular surface structure of simple and mixed aqueous electrolytes,Physical Chemistry Chemical Physics,12,2010,Physical Chemistry Chemical Physics 12 (36): 10693-10700 (2010),10.1039/c0cp00365d,http://dx.doi.org/10.1039/c0cp00365d,N. Ottosson; J. Heyda; W. Pokapanich; S. Svensson; B. Winter; G. Öhrwall; P. Jungwirth; O. Björneholm,J. Heyda; P. Jungwirth,8
"Comment on “An explanation for the charge on water's surface” by A. Gray-Weale and J. K. Beattie, Phys. Chem. Chem. Phys., 2009, 11, 10994",Physical Chemistry Chemical Physics,12,2010,Physical Chemistry Chemical Physics 12 (42): 14362-14363 (2010),10.1039/c001492c,http://dx.doi.org/10.1039/c001492c,R. Vácha; D. Horinek; R. Buchner; B. Winter; P. Jungwirth,R. Vácha; P. Jungwirth,5
Effect of Water Polarizability on the Properties of Solutions of Polyvalent Ions: Simulations of Aqueous Sodium Sulfate with Different Force Fields,Journal of Chemical Theory and Computation,6,2010,Journal of Chemical Theory and Computation 6 (10): 3233-3240 (2010),10.1021/ct100465g,http://dx.doi.org/10.1021/ct100465g,P. Jungwirth,P. Jungwirth,1
Electrons in Cold Water Clusters: An ab Initio Molecular Dynamics Study of Localization and Metastable States,Journal of Physical Chemistry C,114,2010,Journal of Physical Chemistry C 114 (48): 20489-20495 (2010),10.1021/jp1049028,http://dx.doi.org/10.1021/jp1049028,O. Maršálek; F. Uhlig; P. Jungwirth,O. Maršálek; P. Jungwirth,3
Massive oxidation of phospholipid membranes leads to pore creation and bilayer disintegration,Chemical Physics Letters,486,2010,Chemical Physics Letters 486 (4/6): 99-103 (2010),10.1016/j.cplett.2010.01.010,http://dx.doi.org/10.1016/j.cplett.2010.01.010,L. Cwiklik; P. Jungwirth,L. Cwiklik; P. Jungwirth,2
Ion Specificity at the Peptide Bond: Molecular Dynamics Simulations of N-Methylacetamide in Aqueous Salt Solutions,Journal of Physical Chemistry B,114,2010,Journal of Physical Chemistry B 114 (2): 1213-1220 (2010),10.1021/jp910953w,http://dx.doi.org/10.1021/jp910953w,J. Heyda; J. C. Vincent; D. J. Tobias; J. Dzubiella; P. Jungwirth,J. Heyda; P. Jungwirth,5
Hydrogen Forms in Water by Proton Transfer to a Distorted Electron,Journal of Physical Chemistry B,114,2010,Journal of Physical Chemistry B 114 (2): 915-920 (2010),10.1021/jp908986z,http://dx.doi.org/10.1021/jp908986z,O. Maršálek; T. Frigato; J. Vande Vondele; S. E. Bradforth; B. Schmidt; C. Schütte; P. Jungwirth,O. Maršálek; P. Jungwirth,7
Solvation of Magnesium Dication: Molecular Dynamics Simulation and Vibrational Spectroscopic Study of Magnesium Chloride in Aqueous Solutions,Journal of Physical Chemistry A,114,2010,Journal of Physical Chemistry A 114 (15): 5141-5148 (2010),10.1021/jp909132a,http://dx.doi.org/10.1021/jp909132a,K. M. Callahan; N. N. Casillas-Ituarte; M. Roeselová; H. C. Allen; D. J. Tobias,M. Roeselová,5
Characterization of the triple ion [(CH3)4N+ • PF6− • (CH3)4N+] in the gas- phase,Chemical Physics Letters,490,2010,Chemical Physics Letters 490 (1-3): 14-18 (2010),10.1016/j.cplett.2010.03.019,http://dx.doi.org/10.1016/j.cplett.2010.03.019,D. Schröder; L. Ducháčková; I. Jušinski; M. Eckert-Maksič; J. Heyda; L. Tůma; P. Jungwirth,J. Heyda; L. Tůma; P. Jungwirth,7
Attractive Interactions between Side Chains of Histidine-Histidine and Histidine-Arginine-Based Cationic Dipeptides in Water,Journal of Physical Chemistry B,114,2010,Journal of Physical Chemistry B 114 (26): 8744-8749 (2010),10.1021/jp101031v,http://dx.doi.org/10.1021/jp101031v,J. Heyda; P. E. Mason; P. Jungwirth,J. Heyda; P. Jungwirth,3
Hindering of rotational motion of guest molecules in the Type I clathrate hygrate,Chemical Physics Letters,494,2010,Chemical Physics Letters 494 (4-6): 206-212 (2010),10.1016/j.cplett.2010.06.025,http://dx.doi.org/10.1016/j.cplett.2010.06.025,L. Cwiklik; J. P. Devlin,L. Cwiklik,2
Reversal of Hofmeister Ordering for Pairing of NH4+ vs Alkylated Ammonium Cations with Halide Anions in Water,Journal of Physical Chemistry B,114,2010,Journal of Physical Chemistry B 114 (33): 10843-10852 (2010),10.1021/jp101393k,http://dx.doi.org/10.1021/jp101393k,J. Heyda; M. Lund; M. Ončák; P. Slavíček; P. Jungwirth,J. Heyda; P. Jungwirth,5
Effect of Association with Sulfate on the Electrophoretic Mobility of Polyarginine and Polylysine,Journal of Physical Chemistry B,114,2010,Journal of Physical Chemistry B 114 (36): 11934-11941 (2010),10.1021/jp1054342,http://dx.doi.org/10.1021/jp1054342,J. Heyda; A. Kubíčková; T. Křížek; P. Coufal; P. Jungwirth,J. Heyda; P. Jungwirth,5
Effect of Magnesium Cation on the Interfacial Properties of Aqueous Salt Solutions,Journal of Physical Chemistry A,114,2010,Journal of Physical Chemistry A 114 (32): 8359-8368 (2010),10.1021/jp103485t,http://dx.doi.org/10.1021/jp103485t,K. M. Callahan; N. N. Casillas-Ituarte; M. Xu; M. Roeselová; H. C. Allen; D. J. Tobias,M. Roeselová,6
Specific Interactions of Ammonium Functionalities in Amino Acids with Aqueous Fluoride and Iodide,Journal of Physical Chemistry B,114,2010,Journal of Physical Chemistry B 114 (43): 13853-13860 (2010),10.1021/jp104840g,http://dx.doi.org/10.1021/jp104840g,P. E. Mason; J. Heyda; H. E. Fischer; P. Jungwirth,J. Heyda; P. Jungwirth,4
Dielectric Interpretation of Specificity of Ion Pairing in Water,Journal of Physical Chemistry Letters,1,2010,Journal of Physical Chemistry Letters 1 (1): 300-303 (2010),10.1021/jz900151f,http://dx.doi.org/10.1021/jz900151f,M. Lund; B. Jagoda-Cwiklik; C. E. Woodward; R. Vácha; P. Jungwirth,R. Vácha; P. Jungwirth,5
Classical to Nonclassical Transition of Ether-HCN Clathrate Hydrates at Low Temperature,Journal of Physical Chemistry Letters,1,2010,Journal of Physical Chemistry Letters 1 (1): 290-294 (2010),10.1021/jz900073n,http://dx.doi.org/10.1021/jz900073n,I. A. Monreal; B. Jagoda-Cwiklik; L. Cwiklik; J. P. Devlin,B. Jagoda-Cwiklik; L. Cwiklik,4
Dynamics of Electron Localization in Warn versus Cold Water Clusters,Physical Review Letters,105,2010,Physical Review Letters 105 (4): 043002 (2010),10.1103/PhysRevLett.105.043002,http://dx.doi.org/10.1103/PhysRevLett.105.043002,O. Maršálek; F. Uhlig; T. Frigato; B. Schmidt; P. Jungwirth,O. Maršálek; P. Jungwirth,5
Interfacial Molecular Organization at Aqueous Solution Surfaces of Atmospherically Relevant Dimethyl Sulfoxide and Methanesulfonic Acid Using Sum Frequency Spectroscopy and Molecular Dynamics Simulation,Journal of Physical Chemistry B,114,2010,Journal of Physical Chemistry B 114 (47): 15546-15553 (2010),10.1021/jp1078339,http://dx.doi.org/10.1021/jp1078339,X. Chen; B. Minofar; P. Jungwirth; H. C. Allen,P. Jungwirth,4
Hofmeister series and specific interactions of charged headgroups with aqueous ions,Advances in Colloid and Interface Science,146,2009,Advances in Colloid and Interface Science 146 (1-2): 42-47 (2009),10.1016/j.cis.2008.09.010,http://dx.doi.org/10.1016/j.cis.2008.09.010,N. Vlachy; B. Jagoda-Cwiklik; R. Vácha; D. Touraud; P. Jungwirth; W. Kunz,B. Jagoda-Cwiklik; R. Vácha; P. Jungwirth,6
Molecular Dynamics Study of Ice−Vapor Interactions via the Quasi-Liquid Layer,Journal of Physical Chemistry C,113,2009,Journal of Physical Chemistry C 113 (11): 4597-4604 (2009),10.1021/jp810589a,http://dx.doi.org/10.1021/jp810589a,S. Neshyba; E. Nugent; M. Roeselová; P. Jungwirth,M. Roeselová; P. Jungwirth,4
Spiers Memorial Lecture Ions at aqueous interfaces,Faraday Discussions,141,2009,Faraday Discussions 141: 9-30 (2009),10.1039/b816684f,http://dx.doi.org/10.1039/b816684f,P. Jungwirth,P. Jungwirth,1
Molecular Model of a Cell Plasma Membrane With an Asymmetric Multicomponent Composition: Water Permeation and Ion Effects,Biophysical Journal,96,2009,Biophysical Journal 96 (11): 4493-4501 (2009),10.1016/j.bpj.2009.03.010,http://dx.doi.org/10.1016/j.bpj.2009.03.010,R. Vácha; M. L. Berkowitz; P. Jungwirth,R. Vácha; P. Jungwirth,3
Ion specific effects of sodium and potassium on the catalytic activity of HIV-1 protease,Physical Chemistry Chemical Physics,11,2009,Physical Chemistry Chemical Physics 11 (35): 7599-7604 (2009),10.1039/b905462f,http://dx.doi.org/10.1039/b905462f,J. Heyda; L. Vrbka; R. Vácha; B. Jagoda-Cwiklik; J. Konvalinka; P. Jungwirth; J. Vondrášek,J. Heyda; L. Vrbka; R. Vácha; P. Jungwirth,7
Large variations in the propensity of aqueous oxychlorine anions for the solution/vapor interface,Journal of Chemical Physics,131,2009,Journal of Chemical Physics 131 (12): 124706 (2009),10.1063/1.3236805,http://dx.doi.org/10.1063/1.3236805,N. Ottosson; R. Vácha; E. F. Aziz; W. Pokapanich; W. Eberhardt; S. Svensson; G. Öhrwall; P. Jungwirth; O. Björneholm; B. Winter,R. Vácha; P. Jungwirth,10
High accuracy ab initio calculations on reactions of OH with 1-alkenes. The case of propene,Journal of Chemical Theory and Computation,5,2009,Journal of Chemical Theory and Computation 5 (9): 2313-2321 (2009),10.1021/ct900133v,http://dx.doi.org/10.1021/ct900133v,R. Izsák; M. Szöri; P. J. Knowles; B. Viskolcz,M. Szöri,4
Ion-Specific Interactions between Halides and Basic Amino Acids in Water,Journal of Physical Chemistry A,113,2009,Journal of Physical Chemistry A 113 (10): 1969-1975 (2009),10.1021/jp807993f,http://dx.doi.org/10.1021/jp807993f,J. Heyda; T. Hrobárik; P. Jungwirth,J. Heyda; T. Hrobárik; P. Jungwirth,3
Benchmarking Polarizable Molecular Dynamics Simulations of Aqueous Sodium Hydroxide by Diffraction Measurements,Journal of Physical Chemistry A,113,2009,Journal of Physical Chemistry A 113 (16): 4022-4027 (2009),10.1021/jp810399p,http://dx.doi.org/10.1021/jp810399p,R. Vácha; T. Megyes; I. Bakó; L. Pusztai; P. Jungwirth,R. Vácha; P. Jungwirth,5
Microscopic Wetting of Mixed Self-assembled Monolayers: A Molecular Dynamics Study,Journal of Physical Chemistry B,113,2009,Journal of Physical Chemistry B 113 (13): 4161-4169 (2009),10.1021/jp8074139,http://dx.doi.org/10.1021/jp8074139,M. Szöri; D. J. Tobias; M. Roeselová,M. Szöri; M. Roeselová,3
Experimental and Theoretical Characterization of Adsorbed Water on Self-Assembled Monolayers: Understanding the Interaction of Water with Atmospherically Relevant Surfaces,Journal of Physical Chemistry A,113,2009,Journal of Physical Chemistry A 113 (10): 2060-2069 (2009),10.1021/jp808710n,http://dx.doi.org/10.1021/jp808710n,S. G. Moussa; T. M. McIntire; M. Szöri; M. Roeselová; D. J. Tobias; R. L. Grimm; J. C. Hemminger; B. J. Finlayson-Pitts,M. Szöri; M. Roeselová,8
"Specificity of ion-protein interactions: Complementary and competitive effects of tetrapropylammonium, guanidinium, sulfate, and chloride ions",Journal of Physical Chemistry B,113,2009,Journal of Physical Chemistry B 113 (10): 3227-3234 (2009),10.1021/jp8112232,http://dx.doi.org/10.1021/jp8112232,P. E. Mason; C. E. Dempsey; L. Vrbka; J. Heyda; J. W. Brady; P. Jungwirth,J. Heyda; P. Jungwirth,6
Behavior of hydroxide at the water/vapor interface,Chemical Physics Letters,474,2009,Chemical Physics Letters 474 (4/6): 241-247 (2009),10.1016/j.cplett.2009.04.053,http://dx.doi.org/10.1016/j.cplett.2009.04.053,B. Winter; M. Faubel; R. Vácha; P. Jungwirth,R. Vácha; P. Jungwirth,4
The Molecular Origin of Like-Charge Arginine−Arginine Pairing in Water,Journal of Physical Chemistry B,113,2009,Journal of Physical Chemistry B 113 (27): 9041-9045 (2009),10.1021/jp902377q,http://dx.doi.org/10.1021/jp902377q,J. Vondrášek; P. E. Mason; J. Heyda; K. D. Collins; P. Jungwirth,P. E. Mason; J. Heyda; P. Jungwirth,5
"Microsolvation of the acetate anion [CH3CO2-(H2O)n, n = 1–3]: A photoelectron spectroscopy and ab initio computational study",Chemical Physics Letters,477,2009,Chemical Physics Letters 477 (1-3): 41-44 (2009),10.1016/j.cplett.2009.06.074,http://dx.doi.org/10.1016/j.cplett.2009.06.074,X. B. Wang; B. Jagoda-Cwiklik; C. Chia; X. P. Xing; M. Zhou; P. Jungwirth; L. S. Wang,B. Jagoda-Cwiklik; P. Jungwirth,7
Reply to comments on Frontiers Article ′Behavior of hydroxide at the water/vapor interface′,Chemical Physics Letters,481,2009,Chemical Physics Letters 481 (1-3): 19-21 (2009),10.1016/j.cplett.2009.09.010,http://dx.doi.org/10.1016/j.cplett.2009.09.010,B. Winter; M. Faubel; R. Vácha; P. Jungwirth,R. Vácha; P. Jungwirth,4
Ionization Energies of Aqueous Nucleic Acids: Photoelectron Spectroscopy of Pyrimidine Nucleosides and ab Initio Calculations,Journal of the American Chemical Society,131,2009,Journal of the American Chemical Society 131 (18): 6460-6467 (2009),10.1021/ja8091246,http://dx.doi.org/10.1021/ja8091246,P. Slavíček; B. Winter; M. Faubel; S. E. Bradforth; P. Jungwirth,P. Jungwirth,5
Surface Residence and Uptake of Methyl Chloride and Methyl Alcohol at the Air/Water Interface Studied by Vibrational Sum Frequency Spectroscopy and Molecular Dynamics,Journal of Physical Chemistry A,113,2009,Journal of Physical Chemistry A 113 (10): 2015-2024 (2009),10.1021/jp808630v,http://dx.doi.org/10.1021/jp808630v,K. Harper; B. Minofar; M. R. Sierra-Hernandez; N. N. Casillas-Ituarte; M. Roeselová; H. C. Allen,M. Roeselová,6
Effects of Alkali Cations and Halide Anions on the DOPC Lipid Membrane,Journal of Physical Chemistry A,113,2009,Journal of Physical Chemistry A 113 (26): 7235-7243 (2009),10.1021/jp809974e,http://dx.doi.org/10.1021/jp809974e,R. Vácha; S. W. I. Siu; M. Petrov; R. A. Böckmann; J. Barucha-Kraszewska; P. Jurkiewicz; M. Hof; M. L. Berkowitz; P. Jungwirth,R. Vácha; M. Petrov; P. Jungwirth,9
Specific Ion Binding to Nonpolar Surface Patches of Proteins,Journal of the American Chemical Society,130,2008,Journal of the American Chemical Society 130 (35): 11582-11583 (2008),10.1021/ja803274p,http://dx.doi.org/10.1021/ja803274p,M. Lund; L. Vrbka; P. Jungwirth,M. Lund; P. Jungwirth,3
Hydronium and hydroxide at the interface between water and hydrophobic media,Physical Chemistry Chemical Physics,10,2008,Physical Chemistry Chemical Physics 10 (32): 4975-4980 (2008),10.1039/b806432f,http://dx.doi.org/10.1039/b806432f,R. Vácha; D. Horinek; M. L. Berkowitz; P. Jungwirth,R. Vácha; P. Jungwirth,4
"Response to Comment on Autoionization at the surface of neat water: is the top layer pH neutral, basic, or acidic? by J. K. Beattie, Phys. Chem. Chem. Phys., 2007, 9, DOI: 10.1039/b713702h",Physical Chemistry Chemical Physics,10,2008,Physical Chemistry Chemical Physics 10 (2): 332-333 (2008),10.1039/b713702h,http://dx.doi.org/10.1039/b713702h,R. Vácha; V. Buch; A. Milet; J. P. Devlin; P. Jungwirth,R. Vácha; P. Jungwirth,5
Biomolecular simulations of membranes: Physical properties from different force fields,Journal of Chemical Physics,128,2008,Journal of Chemical Physics 128 (12): 125103 (2008),10.1063/1.2897760,http://dx.doi.org/10.1063/1.2897760,S. W. I. Siu; R. Vácha; P. Jungwirth; R. A. Böckmann,R. Vácha; P. Jungwirth,4
A sodium atom in a large water cluster: Electron delocalization and infrared spectra,Journal of Chemical Physics,128,2008,Journal of Chemical Physics 128 (15): 154306 (2008),10.1063/1.2902970,http://dx.doi.org/10.1063/1.2902970,L. Cwiklik; U. Buck; W. Kulig; P. Kubisiak; P. Jungwirth,L. Cwiklik; P. Jungwirth,5
Enhanced surface photochemistry in chloride-nitrate ion mixtures,Physical Chemistry Chemical Physics,10,2008,Physical Chemistry Chemical Physics 10 (37): 5668-5677 (2008),10.1039/b806613b,http://dx.doi.org/10.1039/b806613b,L. M. Wingen; A. C. Moskun; S. N. Johnson; J. L. Thomas; M. Roeselová; D. J. Tobias; M. T. Kleinman; B. J. Finlayson-Pitts,M. Roeselová,8
"Patchy proteins, anions and the Hofmeister series",Journal of Physics: Condensed Matter,20,2008,Journal of Physics: Condensed Matter 20 (49): 494218/1-494218/4 (2008),10.1088/0953-8984/20/49/494218,http://dx.doi.org/10.1088/0953-8984/20/49/494218,M. Lund; P. Jungwirth,M. Lund; P. Jungwirth,2
"Nonenzymatic pathway of PUFA oxidation. A first-principles study of the reactions of OH radical with 1,4-pentadiene and arachidonic acid",Journal of Chemical Theory and Computation,4,2008,Journal of Chemical Theory and Computation 4 (9): 1472-1479 (2008),10.1021/ct800127a,http://dx.doi.org/10.1021/ct800127a,M. Szöri; I. G. Csizmadia; B. Viskolcz,M. Szöri,3
Ions at aqueous interfaces: From water surface to hydrated proteins,Annual Review of Physical Chemistry,59,2008,Annual Review of Physical Chemistry 59 (1): 343-366 (2008),10.1146/annurev.physchem.59.032607.093749,http://dx.doi.org/10.1146/annurev.physchem.59.032607.093749,P. Jungwirth; B. Winter,P. Jungwirth,2
Voda samá voda,Chemické listy,102,2008,Chemické listy 102 (4): 227-231 (2008),,,P. Jungwirth,P. Jungwirth,1
Monitoring Ice Nucleation in Pure and Salty Water via High-Speed Imaging and Computer Simulations,Journal of Physical Chemistry C,112,2008,Journal of Physical Chemistry C 112 (20): 7631-7636 (2008),10.1021/jp711507f,http://dx.doi.org/10.1021/jp711507f,S. Bauerecker; P. Ulbig; V. Buch; L. Vrbka; P. Jungwirth,L. Vrbka; P. Jungwirth,5
Ion Specific Protein Assembly and Hydrophobic Surface Forces,Physical Review Letters,100,2008,Physical Review Letters 100 (25): 258105 (2008),10.1103/PhysRevLett.100.258105,http://dx.doi.org/10.1103/PhysRevLett.100.258105,M. Lund; P. Jungwirth; C. E. Woodward,M. Lund; P. Jungwirth,3
Water Structuring and Hydroxide Ion Binding at the Interface between Water and Hydrophobic Walls of Varying Rigidity and van der Waals Interactions,Journal of Physical Chemistry C,112,2008,Journal of Physical Chemistry C 112 (20): 7689-7692 (2008),10.1021/jp800888b,http://dx.doi.org/10.1021/jp800888b,R. Vácha; R. Zangi; J. B. F. N. Engberts; P. Jungwirth,R. Vácha; P. Jungwirth,4
Interaction of acetonitrile with Na-zeolites: adsorption modes and vibrational dynamics in the zeolite channels and cavities,Physical Chemistry Chemical Physics,10,2008,Physical Chemistry Chemical Physics 10 (28): 4189-4198 (2008),10.1039/b803024c,http://dx.doi.org/10.1039/b803024c,D. Nachtigallová; L. Vrbka; O. Bludský; P. Nachtigall,L. Vrbka,4
The Onset of Ion Solvation by ab initio Calculations: Comparison of Water and Methanol,Collection of Czechoslovak Chemical Communications,73,2008,Collection of Czechoslovak Chemical Communications 73 (6-7): 733-744 (2008),10.1135/cccc20080733,http://dx.doi.org/10.1135/cccc20080733,E. Pluhařová; P. Jungwirth,E. Pluhařová; P. Jungwirth,2
Aqueous solutions of ionic liquids: study of the solution/vapor interface using molecular dynamics simulations,Physical Chemistry Chemical Physics,10,2008,Physical Chemistry Chemical Physics 10 (37): 5765-5775 (2008),10.1039/b806205f,http://dx.doi.org/10.1039/b806205f,J. Picálek; B. Minofar; J. Kolafa; P. Jungwirth,B. Minofar; P. Jungwirth,4
Specific Ion Binding to Macromolecules:  Effects of Hydrophobicity and Ion Pairing,Langmuir,24,2008,Langmuir 24 (7): 3387-3391 (2008),10.1021/la7034104,http://dx.doi.org/10.1021/la7034104,M. Lund; R. Vácha; P. Jungwirth,M. Lund; R. Vácha; P. Jungwirth,3
"Ionization of Imidazole in the Gas Phase, Microhydrated Environments, and in Aqueous Solution",Journal of Physical Chemistry A,112,2008,Journal of Physical Chemistry A 112 (16): 3499-3505 (2008),10.1021/jp711476g,http://dx.doi.org/10.1021/jp711476g,B. Jagoda-Cwiklik; P. Slavíček; L. Cwiklik; D. Nolting; B. Winter; P. Jungwirth,B. Jagoda-Cwiklik; L. Cwiklik; P. Jungwirth,6
Ionization of Aqueous Cations: Photoelectron Spectroscopy and Ab Initio Calculations of Protonated Imidazole,Journal of Physical Chemistry B,112,2008,Journal of Physical Chemistry B 112 (25): 7355-7358 (2008),10.1021/jp802454s,http://dx.doi.org/10.1021/jp802454s,B. Jagoda-Cwiklik; P. Slavíček; D. Nolting; B. Winter; P. Jungwirth,B. Jagoda-Cwiklik; P. Jungwirth,5
Adsorption of Aromatic Hydrocarbons and Ozone at Environmental Aqueous Surfaces,Journal of Physical Chemistry A,112,2008,Journal of Physical Chemistry A 112 (22): 4942-4950 (2008),10.1021/jp711813p,http://dx.doi.org/10.1021/jp711813p,R. Vácha; L. Cwiklik; J. Řezáč; P. Hobza; P. Jungwirth; K. Valsaraj; S. Bahr; V. Kempter,R. Vácha; L. Cwiklik; P. Jungwirth,8
Electronic Structure of the Water Dimer Cation,Journal of Physical Chemistry A,112,2008,Journal of Physical Chemistry A 112 (27): 6159-6170 (2008),10.1021/jp802140c,http://dx.doi.org/10.1021/jp802140c,P. A. Pieniazek; J. Vande Vondele; P. Jungwirth; A. I. Krylov; S. E. Bradforth,P. Jungwirth,5
Ab Initio Molecular Dynamics Simulation of a Medium-Sized Water Cluster Anion: From an Interior to a Surface-Located Excess Electron via a Delocalized State,Journal of Physical Chemistry A,112,2008,Journal of Physical Chemistry A 112 (27): 6125-6133 (2008),10.1021/jp711545s,http://dx.doi.org/10.1021/jp711545s,T. Frigato; J. Vande Vondele; B. Schmidt; C. Schütte; P. Jungwirth,P. Jungwirth,5
"Propensities of oxalic, citric, succinic, and maleic acids for the aqueous solution/vapour interface: Surface tension measurements and molecular dynamics simulations",Chemical Physics Letters,462,2008,Chemical Physics Letters 462 (4-6): 217-221 (2008),10.1016/j.cplett.2008.07.085,http://dx.doi.org/10.1016/j.cplett.2008.07.085,S. Mahiuddin; B. Minofar; J. M. Borah; M. R. Das; P. Jungwirth,B. Minofar; P. Jungwirth,5
Reactivity of a sodium atom in vibrationally excited water clusters: An ab initio molecular dynamics study,Chemical Physics Letters,460,2008,Chemical Physics Letters 460 (1-3): 112-115 (2008),10.1016/j.cplett.2008.05.075,http://dx.doi.org/10.1016/j.cplett.2008.05.075,L. Cwiklik; P. Kubisiak; W. Kulig; P. Jungwirth,P. Jungwirth,4
Cation-Specific Interactions with Carboxylate in Amino Acid and Acetate Aqueous Solutions: X-ray Absorption and ab initio Calculations,Journal of Physical Chemistry B,112,2008,Journal of Physical Chemistry B 112 (40): 12567-12570 (2008),10.1021/jp805177v,http://dx.doi.org/10.1021/jp805177v,E. F. Aziz; N. Ottosson; S. Eisebitt; W. Eberhardt; B. Jagoda-Cwiklik; R. Vácha; P. Jungwirth; B. Winter,B. Jagoda-Cwiklik; R. Vácha; P. Jungwirth,8
Ion Partitioning at the Liquid/Vapor Interface of a Multicomponent Alkali Halide Solution: A Model for Aqueous Sea Salt Aerosols,Journal of Physical Chemistry A,112,2008,Journal of Physical Chemistry A 112 (48): 12378-12384 (2008),10.1021/jp805490f,http://dx.doi.org/10.1021/jp805490f,S. Ghosal; M. A. Brown; H. Bluhm; M. J. Krisch; M. Salmeron; P. Jungwirth; J. C. Hemminger,P. Jungwirth,7
Photoionization of atmospheric gases studied by time-resolved terahertz spectroscopy,Chemical Physics Letters,465,2008,Chemical Physics Letters 465 (1-3): 20-24 (2008),10.1016/j.cplett.2008.09.046,http://dx.doi.org/10.1016/j.cplett.2008.09.046,Z. Mics; P. Kužel; P. Jungwirth; S. E. Bradforth,P. Jungwirth,4
Segregation of salt ions at amorphous solid and liquid surfaces,"Physics and Chemistry of Ice (W. Kuhs, Ed.)",,2007,"Physics and Chemistry of Ice (W. Kuhs, Ed.), 217-223, RSC  Publishing (2007)",,,O. Höfft; U. Kahnert; S. Bahr; V. Kempter; P. Jungwirth; L. X. Dang,P. Jungwirth,6
Molecular simulations of water freezing: brine rejection and homogeneous nucleation,"Physics and Chemistry of Ice (W. Kuhs, Ed.)",,2007,"Physics and Chemistry of Ice (W. Kuhs, Ed.), 627-634, RSC  Publishing (2007)",,,L. Vrbka; P. Jungwirth,L. Vrbka; P. Jungwirth,2
"Propensity of Formate, Acetate, Benzoate, and Phenolate for the Aqueous Solution/Vapor Interface: Surface Tension Measurements and Molecular Dynamics Simulations",Journal of Physical Chemistry C,111,2007,Journal of Physical Chemistry C 111 (23): 8242-8247 (2007),10.1021/jp068804,http://dx.doi.org/10.1021/jp068804,B. Minofar; P. Jungwirth; M. R. Das; W. Kunz; S. Mahiuddin,B. Minofar; P. Jungwirth,5
Anions of Alkali Halide Salts at Surfaces of Formamide Solutions:  Concentration Depth Profiles and Surface Topography,Journal of Physical Chemistry C,111,2007,Journal of Physical Chemistry C 111 (11): 4379-4387 (2007),10.1021/jp067726n,http://dx.doi.org/10.1021/jp067726n,G. Andersson; H. Morgner; L. Cwiklik; P. Jungwirth,L. Cwiklik; P. Jungwirth,4
Segregation of Inorganic Ions at Surfaces of Polar Nonaqueous Liquids,ChemPhysChem,8,2007,ChemPhysChem 8 (10): 1457-1463 (2007),10.1002/cphc.200700039,http://dx.doi.org/10.1002/cphc.200700039,L. Cwiklik; G. Andersson; L. X. Dang; P. Jungwirth,L. Cwiklik; P. Jungwirth,4
Micro‐Hydration of the MgNO3+ Cation in the Gas Phase,ChemPhysChem,8,2007,ChemPhysChem 8 (11): 1629-1639 (2007),10.1002/cphc.200700196,http://dx.doi.org/10.1002/cphc.200700196,B. Jagoda-Cwiklik; P. Jungwirth; L. Rulíšek; P. Milko; J. Roithová; J. Lemaire; P. Maitre; J. M. Ortega; D. Schröder,B. Jagoda-Cwiklik; P. Jungwirth,9
"Autoionization at the surface of neat water: is the top layer pH neutral, basic, or acidic?",Physical Chemistry Chemical Physics,9,2007,Physical Chemistry Chemical Physics 9 (34): 4736-4747 (2007),10.1039/b704491g,http://dx.doi.org/10.1039/b704491g,R. Vácha; V. Buch; A. Milet; J. P. Devlin; P. Jungwirth,R. Vácha; P. Jungwirth,5
Carbon monoxide adsorption on low-silica zeolites-from single to dual and to multiple cation sites,Physical Chemistry Chemical Physics,9,2007,Physical Chemistry Chemical Physics 9 (33): 4657-4661 (2007),10.1039/b709073k,http://dx.doi.org/10.1039/b709073k,C. Otero Areán; M. Rodríguez Delgado; C. López Bauca; L. Vrbka; P. Nachtigall,L. Vrbka,5
Molecular dynamics simulations of freezing of water and salt solutions,Journal of Molecular Liquids,134,2007,Journal of Molecular Liquids 134 (1-3): 64-70 (2007),10.1016/j.molliq.2006.12.011,http://dx.doi.org/10.1016/j.molliq.2006.12.011,L. Vrbka; P. Jungwirth,L. Vrbka; P. Jungwirth,2
Water surface is acidic,Proceedings of the National Academy of Sciences of the United States of America,104,2007,Proceedings of the National Academy of Sciences of the United States of America 104 (18): 7342-7347 (2007),10.1073/pnas.0611285104,http://dx.doi.org/10.1073/pnas.0611285104,V. Buch; A. Milet; R. Vácha; P. Jungwirth; J. P. Devlin,R. Vácha; P. Jungwirth,5
Molecular Dynamics Simulations of the Solution−Air Interface of Aqueous Sodium Nitrate,Journal of Physical Chemistry A,111,2007,Journal of Physical Chemistry A 111 (16): 3091-3098 (2007),10.1021/jp0683972,http://dx.doi.org/10.1021/jp0683972,J. L. Thomas; M. Roeselová; L. X. Dang; D. J. Tobias,M. Roeselová,4
Influence of surface diffusion on catalytic reactivity of spatially inhomogeneous surfaces - mean-field modeling,Chemical Physics Letters,449,2007,Chemical Physics Letters 449 (4/6): 304-308 (2007),10.1016/j.cplett.2007.10.096,http://dx.doi.org/10.1016/j.cplett.2007.10.096,L. Cwiklik,L. Cwiklik,1
Coarse grain simulations of the influence of adsorbate–adsorbate interactions on adsorption and diffusion of n-butane in silicalite-1,Chemical Physics Letters,445,2007,Chemical Physics Letters 445 (1-3): 42-46 (2007),10.1016/j.cplett.2007.07.069,http://dx.doi.org/10.1016/j.cplett.2007.07.069,B. Jagoda-Cwiklik; L. Cwiklik,B. Jagoda-Cwiklik; L. Cwiklik,2
Ion Pairing as a Possible Clue for Discriminating between Sodium and Potassium in Biological and Other Complex Environments,Journal of Physical Chemistry B,111,2007,Journal of Physical Chemistry B 111 (51): 14077-14079 (2007),10.1021/jp709634t,http://dx.doi.org/10.1021/jp709634t,B. Jagoda-Cwiklik; R. Vácha; M. Lund; M. Srebro; P. Jungwirth,B. Jagoda-Cwiklik; R. Vácha; M. Lund; P. Jungwirth,5
Microsolvation of the Dicyanamide Anion:  [N(CN)2-](H2O)n (n = 0−12),Journal of Physical Chemistry A,111,2007,Journal of Physical Chemistry A 111: 7719-7725 (2007),10.1021/jp071832n,http://dx.doi.org/10.1021/jp071832n,B. Jagoda-Cwiklik; X. B. Wang; H. K. Woo; J. Yang; G. J. Wang; M. Zhou; P. Jungwirth; L. S. Wang,B. Jagoda-Cwiklik; P. Jungwirth,8
On the Convergence of the Physicochemical Properties of [n]Helicenes,Journal of Physical Chemistry C,111,2007,Journal of Physical Chemistry C 111 (41): 14948-14955 (2007),10.1021/jp075129a,http://dx.doi.org/10.1021/jp075129a,L. Rulíšek; O. Exner; L. Cwiklik; P. Jungwirth; I. Starý; L. Pospíšil; Z. Havlas,L. Cwiklik; P. Jungwirth,7
Time-Dependent Stokes Shifts of Fluorescent Dyes in the Hydrophobic Backbone Region of a Phospholipid Bilayer:  Combination of Fluorescence Spectroscopy and Ab Initio Calculations,Journal of Physical Chemistry B,111,2007,Journal of Physical Chemistry B 111 (21): 5869-5877 (2007),10.1021/jp0719255,http://dx.doi.org/10.1021/jp0719255,J. Sýkora; P. Slavíček; P. Jungwirth; J. Barucha-Kraszewska; M. Hof,P. Jungwirth,5
Potential scattering with varying projectile flux near metastable levels,"ICCMSE 2006, Recent Progress in Computational Sciences and Engineering (T. Simos, G. Maroulis, Eds.)",,2006,"ICCMSE 2006, Recent Progress in Computational Sciences and Engineering (T. Simos, G. Maroulis, Eds.), 248-251, Springer (2006)",,,P. R. Kaprálová-Žďánská; J. Lazebníček,P. R. Kaprálová-Žďánská,2
Simulated surface potentials at the vapor-water interface for the KCI aqueous electrolyte solution,Journal of Chemical Physics,125,2006,Journal of Chemical Physics 125 (2): 024706 (2006),10.1063/1.2218840,http://dx.doi.org/10.1063/1.2218840,C. D. Wick; L. X. Dang; P. Jungwirth,P. Jungwirth,3
Computed lifetimes of metastable states of CO2+,Journal of Chemical Physics,124,2006,Journal of Chemical Physics 124 (21): 214303 (2006),10.1063/1.2198835,http://dx.doi.org/10.1063/1.2198835,T. Šedivcová; P. R. Žďánská; V. Špirko,P. R. Žďánská,3
First steps towards dissolution of NaSO4− by water,Physical Chemistry Chemical Physics,8,2006,Physical Chemistry Chemical Physics 8 (37): 4294-4296 (2006),10.1039/B609941F,http://dx.doi.org/10.1039/B609941F,X. B. Wang; H. K. Woo; B. Jagoda-Cwiklik; P. Jungwirth; L. S. Wang,B. Jagoda-Cwiklik; P. Jungwirth,5
Adsorption of polycyclic aromatic hydrocarbons at the air-water interface: Molecular dynamics simulations and experimental atmospheric observations,Physical Chemistry Chemical Physics,8,2006,Physical Chemistry Chemical Physics 8 (38): 4461-4467 (2006),10.1039/B610253K,http://dx.doi.org/10.1039/B610253K,R. Vácha; P. Jungwirth; J. Chen; K. Valsaraj,R. Vácha; P. Jungwirth,4
Quantification and rationalization of the higher affinity of sodium over potassium to protein surfaces,Proceedings of the National Academy of Sciences of the United States of America,103,2006,Proceedings of the National Academy of Sciences of the United States of America 103 (42): 15440-15444 (2006),10.1073/pnas.0606959103,http://dx.doi.org/10.1073/pnas.0606959103,L. Vrbka; J. Vondrášek; B. Jagoda-Cwiklik; R. Vácha; P. Jungwirth,L. Vrbka; B. Jagoda-Cwiklik; R. Vácha; P. Jungwirth,5
Selected biologically relevant ions at the air/water interface: A comparative molecular dynamics study,Biophysical Chemistry,124,2006,Biophysical Chemistry 124 (3): 238-242 (2006),10.1016/j.bpc.2006.04.010,http://dx.doi.org/10.1016/j.bpc.2006.04.010,T. Hrobárik; L. Vrbka; P. Jungwirth,T. Hrobárik; L. Vrbka; P. Jungwirth,3
Dynamical control near resonances in gedanken experiments using varying projectile flux,Physical Review A,73,2006,Physical Review A 73 (6): 064703-1 (2006),10.1103/PhysRevA.73.064703,http://dx.doi.org/10.1103/PhysRevA.73.064703,P. R. Kaprálová-Žďánská,P. R. Kaprálová-Žďánská,1
Ab initio calculation of harmonic generation spectra of helium using a time-dependent non-Hermitian formalism,Physical Review A,74,2006,Physical Review A 74 (5): 052505-1 (2006),10.1103/PhysRevA.74.052505,http://dx.doi.org/10.1103/PhysRevA.74.052505,I. Gilary; P. R. Kaprálová-Žďánská; N. Moiseyev,P. R. Kaprálová-Žďánská,3
Specific Ion Effects at the Air/Water Interface,Chemical Reviews,106,2006,Chemical Reviews 106 (4): 1259-1281 (2006),10.1021/cr0403741,http://dx.doi.org/10.1021/cr0403741,P. Jungwirth; D. J. Tobias,P. Jungwirth,2
Electron Binding Energies of Hydrated H3O+ and OH-:  Photoelectron Spectroscopy of Aqueous Acid and Base Solutions Combined with Electronic Structure Calculations,Journal of the American Chemical Society,128,2006,Journal of the American Chemical Society 128 (12): 3864-3865 (2006),10.1021/ja0579154,http://dx.doi.org/10.1021/ja0579154,B. Winter; M. Faubel; I. V. Hertel; C. Pettenkofer; S. E. Bradforth; B. Jagoda-Cwiklik; L. Cwiklik; P. Jungwirth,B. Jagoda-Cwiklik; L. Cwiklik; P. Jungwirth,8
Introduction:  Structure and Chemistry at Aqueous Interfaces,Chemical Reviews,106,2006,Chemical Reviews 106 (4): 1137-1139 (2006),10.1021/cr040382h,http://dx.doi.org/10.1021/cr040382h,P. Jungwirth; B. J. Finlayson-Pitts; D. J. Tobias,P. Jungwirth,3
Valence- and Dipole-Bound Anions of the Thymine−Water Complex:  Ab Initio Characterization of the Potential Energy Surfaces,Journal of Physical Chemistry A,110,2006,Journal of Physical Chemistry A 110 (9): 2916-2923 (2006),10.1021/jp054090b,http://dx.doi.org/10.1021/jp054090b,T. Frigato; D. Svozil; P. Jungwirth,T. Frigato; P. Jungwirth,3
Specific Ion Effects at Protein Surfaces:  A Molecular Dynamics Study of Bovine Pancreatic Trypsin Inhibitor and Horseradish Peroxidase in Selected Salt Solutions,Journal of Physical Chemistry B,110,2006,Journal of Physical Chemistry B 110 (13): 7036-7043 (2006),10.1021/jp0567624,http://dx.doi.org/10.1021/jp0567624,L. Vrbka; P. Jungwirth; P. Bauduin; D. Touraud; W. Kunz,L. Vrbka; P. Jungwirth,5
Determination of the Electron Affinity of the Acetyloxyl Radical (CH3COO) by Low-Temperature Anion Photoelectron Spectroscopy and ab Initio Calculations,Journal of Physical Chemistry A,110,2006,Journal of Physical Chemistry A 110 (15): 5047-5050 (2006),10.1021/jp060138p,http://dx.doi.org/10.1021/jp060138p,X. B. Wang; H. K. Woo; L. S. Wang; B. Minofar; P. Jungwirth,B. Minofar; P. Jungwirth,5
Aqueous Ionic and Complementary Zwitterionic Soluble Surfactants:  Molecular Dynamics Simulations and Sum Frequency Generation Spectroscopy of the Surfaces,Langmuir,22,2006,Langmuir 22 (6): 2498-2505 (2006),10.1021/la0532095,http://dx.doi.org/10.1021/la0532095,M. Petrov; B. Minofar; L. Vrbka; P. Jungwirth; P. Koelsch; H. Motschmann,M. Petrov; B. Minofar; L. Vrbka; P. Jungwirth,6
Surface Segregation of Dissolved Salt Ions,Journal of Physical Chemistry B,110,2006,Journal of Physical Chemistry B 110 (24): 11971-11976 (2006),10.1021/jp061437h,http://dx.doi.org/10.1021/jp061437h,O. Höfft; A. Borodin; U. Kahnert; V. Kempter; L. X. Dang; P. Jungwirth,P. Jungwirth,6
Cluster Model for the Ionic Product of Water:  Accuracy and Limitations of Common Density Functional Methods,Journal of Physical Chemistry A,110,2006,Journal of Physical Chemistry A 110 (29): 9194-9199 (2006),10.1021/jp0614648,http://dx.doi.org/10.1021/jp0614648,D. Svozil; P. Jungwirth,P. Jungwirth,2
Homogeneous Freezing of Water Starts in the Subsurface,Journal of Physical Chemistry B,110,2006,Journal of Physical Chemistry B 110 (37): 18126-18129 (2006),10.1021/jp064021c,http://dx.doi.org/10.1021/jp064021c,L. Vrbka; P. Jungwirth,L. Vrbka; P. Jungwirth,2
Propensity for the Air/Water Interface and Ion Pairing in Magnesium Acetate vs Magnesium Nitrate Solutions:  Molecular Dynamics Simulations and Surface Tension Measurements,Journal of Physical Chemistry B,110,2006,Journal of Physical Chemistry B 110 (32): 15939-15944 (2006),10.1021/jp060627p,http://dx.doi.org/10.1021/jp060627p,B. Minofar; R. Vácha; A. Wahab; S. Mahiuddin; W. Kunz; P. Jungwirth,B. Minofar; R. Vácha; P. Jungwirth,6
Hartree-Fock orbitals for complex-scaled configuration interaction calculation of highly excited Feshbach resonances,Journal of Chemical Physics,123,2005,Journal of Chemical Physics 123 (19): 194105 (2005),10.1063/1.2110169,http://dx.doi.org/10.1063/1.2110169,P. R. Žďánská; N. Moiseyev,P. R. Žďánská,2
Enhanced Concentration of Polarizable Anions at the Liquid Water Surface:  SHG Spectroscopy and MD Simulations of Sodium Thiocyanide,Journal of Physical Chemistry B,109,2005,Journal of Physical Chemistry B 109 (21): 10915-10921 (2005),10.1021/jp050864c,http://dx.doi.org/10.1021/jp050864c,P. B. Petersen; R. J. Saykally; M. Mucha; P. Jungwirth,M. Mucha; P. Jungwirth,4
"Unified Molecular Picture of the Surfaces of Aqueous Acid, Base, and Salt Solutions",Journal of Physical Chemistry B,109,2005,Journal of Physical Chemistry B 109 (16): 7617-7623 (2005),10.1021/jp0445730,http://dx.doi.org/10.1021/jp0445730,M. Mucha; T. Frigato; L. M. Levering; H. C. Allen; D. J. Tobias; L. X. Dang; P. Jungwirth,M. Mucha; P. Jungwirth,7
Air−Liquid Interfaces of Aqueous Solutions Containing Ammonium and Sulfate:  Spectroscopic and Molecular Dynamics Studies,Journal of Physical Chemistry B,109,2005,Journal of Physical Chemistry B 109 (18): 8861-8872 (2005),10.1021/jp0500236,http://dx.doi.org/10.1021/jp0500236,S. Gopalakrishnan; P. Jungwirth; D. J. Tobias; H. C. Allen,P. Jungwirth,4
Ab initio electronic structure of thymine anions,Physical Chemistry Chemical Physics,7,2005,Physical Chemistry Chemical Physics 7 (5): 840-845 (2005),10.1039/B415007D,http://dx.doi.org/10.1039/B415007D,D. Svozil; T. Frigato; Z. Havlas; P. Jungwirth,P. Jungwirth,4
A possible new molecular mechanism of thundercloud electrification,Atmospheric Research,76,2005,Atmospheric Research 76 (1-4): 190-205 (2005),10.1016/j.atmosres.2004.11.016,http://dx.doi.org/10.1016/j.atmosres.2004.11.016,P. Jungwirth; D. Rosenfeld; V. Buch,P. Jungwirth,3
Molecular Dynamics Simulations of Atmospheric Oxidants at the Air−Water Interface:  Solvation and Accommodation of OH and O3,Journal of Physical Chemistry B,109,2005,Journal of Physical Chemistry B 109 (33): 15876-15892 (2005),10.1021/jp051361+,,J. Vieceli; M. Roeselová; N. Potter; L. X. Dang; B. C. Garrett; D. J. Tobias,M. Roeselová,6
Brine Rejection from Freezing Salt Solutions: A Molecular Dynamics Study,Physical Review Letters,95,2005,Physical Review Letters 95 (14): 148501 (2005),10.1103/PhysRevLett.95.148501,http://dx.doi.org/10.1103/PhysRevLett.95.148501,L. Vrbka; P. Jungwirth,L. Vrbka; P. Jungwirth,2
"Ultrasonic Velocities, Densities, Viscosities, Electrical Conductivities, Raman Spectra, and Molecular Dynamics Simulations of Aqueous Solutions of Mg(OAc)2 and Mg(NO3)2:  Hofmeister Effects and Ion Pair Formation",Journal of Physical Chemistry B,109,2005,Journal of Physical Chemistry B 109 (50): 24108-24120 (2005),10.1021/jp053344q,http://dx.doi.org/10.1021/jp053344q,A. Wahab; S. Mahiuddin; G. Hefter; W. Kunz; B. Minofar; P. Jungwirth,B. Minofar; P. Jungwirth,6
Electron Binding Energies of Aqueous Alkali and Halide Ions:  EUV Photoelectron Spectroscopy of Liquid Solutions and Combined Ab Initio and Molecular Dynamics Calculations,Journal of the American Chemical Society,127,2005,Journal of the American Chemical Society 127 (19): 7203-7214 (2005),10.1021/ja042908,http://dx.doi.org/10.1021/ja042908,B. Winter; R. Weber; I. V. Hertel; M. Faubel; P. Jungwirth; E. C. Brown; S. E. Bradforth,P. Jungwirth,7
Propensity of heavier halides for the water/vapor interface revisited using the Amoeba force field,Chemical Physics Letters,411,2005,Chemical Physics Letters 411 (1-3): 70-74 (2005),10.1016/j.cplett.2005.06.009,http://dx.doi.org/10.1016/j.cplett.2005.06.009,L. Tůma; D. Jeníček; P. Jungwirth,P. Jungwirth,3
Interior and Interfacial Aqueous Solvation of Benzene Dicarboxylate Dianions and Their Methylated Analogues:  A Combined Molecular Dynamics and Photoelectron Spectroscopy Study,Journal of Physical Chemistry A,109,2005,Journal of Physical Chemistry A 109 (23): 5042-5049 (2005),10.1021/jp050836u,http://dx.doi.org/10.1021/jp050836u,B. Minofar; L. Vrbka; M. Mucha; P. Jungwirth; X. Yang; X. B. Wang; Y. J. Fu; L. S. Wang,L. Vrbka; M. Mucha; P. Jungwirth,8
Structure and Vibrational Spectroscopy of Salt Water/Air Interfaces:  Predictions from Classical Molecular Dynamics Simulations,Journal of Physical Chemistry B,109,2005,Journal of Physical Chemistry B 109 (16): 7934-7940 (2005),10.1021/jp0450336,http://dx.doi.org/10.1021/jp0450336,E. C. Brown; M. Mucha; P. Jungwirth; D. J. Tobias,M. Mucha; P. Jungwirth,4
Effect of bromide on the interfacial structure of aqueous tetrabutylammonium iodide: Photoelectron spectroscopy and molecular dynamics simulations,Chemical Physics Letters,410,2005,Chemical Physics Letters 410 (-): 222-227 (2005),10.1016/j.cplett.2005.05.084,http://dx.doi.org/10.1016/j.cplett.2005.05.084,B. Winter; R. Weber; I. V. Hertel; M. Faubel; L. Vrbka; P. Jungwirth,L. Vrbka; P. Jungwirth,6
Photodissociation of HBr on the surface of Arn clusters at 193 nm,Chemical Physics,315,2005,Chemical Physics 315 (1-2): 161-170 (2005),10.1016/j.chemphys.2005.03.025,http://dx.doi.org/10.1016/j.chemphys.2005.03.025,M. Fárník; N. H. Nahler; U. Buck; P. Slavíček; P. Jungwirth,P. Slavíček; P. Jungwirth,5
Ultrafast far-infrared dynamics probed by terahertz pulses: A frequency-domain approach. II. Applications,Journal of Chemical Physics,122,2005,Journal of Chemical Physics 122 (10): 104504 (2005),10.1063/1.1857871,http://dx.doi.org/10.1063/1.1857871,H. Němec; F. Kadlec; C. Kadlec; P. Kužel; P. Jungwirth,P. Jungwirth,5
Ultrafast far-infrared dynamics probed by terahertz: A frequency domain approach. I. Model systems,Journal of Chemical Physics,122,2005,Journal of Chemical Physics 122 (10): 104503 (2005),10.1063/1.1857851,http://dx.doi.org/10.1063/1.1857851,H. Němec; F. Kadlec; S. Surendran; P. Kužel; P. Jungwirth,P. Jungwirth,5
Nonresonant ionization of oxygen molecules by femtosecond pulses: Plasma dynamics studied by time-resolved terahertz spectroscopy,Journal of Chemical Physics,123,2005,Journal of Chemical Physics 123 (10): 104310 (2005),10.1063/1.2032987,http://dx.doi.org/10.1063/1.2032987,Z. Mics; F. Kadlec; P. Kužel; P. Jungwirth; S. E. Bradforth; V. Ara Apkarian,P. Jungwirth,6
Bulk versus Interfacial Aqueous Solvation of Dicarboxylate Dianions,Journal of the American Chemical Society,126,2004,Journal of the American Chemical Society 126 (37): 11691-11698 (2004),10.1021/ja047493i,http://dx.doi.org/10.1021/ja047493i,B. Minofar; M. Mucha; P. Jungwirth; X. Yang; Y. J. Fu; X. B. Wang; L. S. Wang,P. Jungwirth,7
Complex autocorrelation function and energy spectrum by classical trajectory calculations,Journal of Chemical Physics,121,2004,Journal of Chemical Physics 121 (13): 6175-6185 (2004),10.1063/1.1787489,http://dx.doi.org/10.1063/1.1787489,P. R. Žďánská; N. Moiseyev,P. R. Žďánská,2
Non-Hermitian diabatic formulation of antiproton collision: protonium formation,Journal of Physics B: Atomic Molecular and Optical Physics,37,2004,Journal of Physics B: Atomic Molecular and Optical Physics 37 (-): L35-L41 (2004),10.1088/0953-4075/37/3/L01,http://dx.doi.org/10.1088/0953-4075/37/3/L01,P. R. Žďánská; H. R. Sadeghpour; N. Moiseyev,P. R. Žďánská,3
Propensity of soft ions for the air/water interface,Current Opinion in Colloid & Interface Science,9,2004,Current Opinion in Colloid & Interface Science 9 (1-2): 67-73 (2004),10.1016/j.cocis.2004.05.028,http://dx.doi.org/10.1016/j.cocis.2004.05.028,L. Vrbka; M. Mucha; B. Minofar; P. Jungwirth; E. C. Brown; D. J. Tobias,P. Jungwirth,6
Nonadiabatic Chemical Reaction Triggered by Electron Photodetachment: An Ab Initio Quantum Dynamical Study,Physical Review Letters,93,2004,Physical Review Letters 93 (4): 048301 (2004),10.1103/PhysRevLett.93.048301,http://dx.doi.org/10.1103/PhysRevLett.93.048301,S. Ronen; D. Nachtigallová; B. Schmidt; P. Jungwirth,P. Jungwirth,4
Calculation of the photodetachment cross sections of the HCN- and HNC- dipole-bound anions as described by a one-electron Drude model,Journal of Chemical Physics,121,2004,Journal of Chemical Physics 121 (4): 1824-1829 (2004),10.1063/1.1766296,http://dx.doi.org/10.1063/1.1766296,M. Šindelka; V. Špirko; P. Jungwirth; F. Wang; S. Mahalakshmi; K. D. Jordan,P. Jungwirth,6
Hydroxyl Radical at the Air−Water Interface,Journal of the American Chemical Society,126,2004,Journal of the American Chemical Society 126 (50): 16308-16309 (2004),10.1021/ja045552m,http://dx.doi.org/10.1021/ja045552m,M. Roeselová; J. Vieceli; L. X. Dang; B. C. Garrett; D. J. Tobias,M. Roeselová,5
Molecular Structure of Surface-Active Salt Solutions:  Photoelectron Spectroscopy and Molecular Dynamics Simulations of Aqueous Tetrabutylammonium Iodide,Journal of Physical Chemistry B,108,2004,Journal of Physical Chemistry B 108 (38): 14558-14564 (2004),10.1021/jp0493531,http://dx.doi.org/10.1021/jp0493531,B. Winter; R. Weber; P. M. Schmidt; I. V. Hertel; M. Faubel; L. Vrbka; P. Jungwirth,P. Jungwirth,7
Accommodation coefficients for water vapor at the air/water interface,Chemical Physics Letters,393,2004,Chemical Physics Letters 393 (1-3): 249-255 (2004),10.1016/j.cplett.2004.06.038,http://dx.doi.org/10.1016/j.cplett.2004.06.038,J. Vieceli; M. Roeselová; D. J. Tobias,M. Roeselová,3
Formation of Molecular Bromine from the Reaction of Ozone with Deliquesced NaBr Aerosol:  Evidence for Interface Chemistry,Journal of Physical Chemistry A,108,2004,Journal of Physical Chemistry A 108 (52): 11559-11572 (2004),10.1021/jp0467346,http://dx.doi.org/10.1021/jp0467346,S. W. Hunt; M. Roeselová; W. Wang; L. M. Wingen; E. M. Knipping; D. J. Tobias; D. Dabdub; B. J. Finlayson-Pitts,M. Roeselová,8
Electron Binding to Nucleic Acid Bases. Experimental and Theoretical Studies. A Review,Collection of Czechoslovak Chemical Communications,69,2004,Collection of Czechoslovak Chemical Communications 69 (7): 1395-1428 (2004),10.1135/cccc20041395,http://dx.doi.org/10.1135/cccc20041395,D. Svozil; P. Jungwirth; Z. Havlas,P. Jungwirth,3
Counter-Ion Effects and Interfacial Properties of Aqueous Tetrabutylammonium Halide Solutions,Australian Journal of Chemistry,57,2004,Australian Journal of Chemistry 57 (12): 1211-1217 (2004),10.1071/CH04125,http://dx.doi.org/10.1071/CH04125,L. Vrbka; P. Jungwirth,L. Vrbka; P. Jungwirth,2
"Adsorption of Atmospherically Relevant Gases at the Air/Water Interface:  Free Energy Profiles of Aqueous Solvation of N2, O2, O3, OH, H2O, HO2, and H2O2",Journal of Physical Chemistry A,108,2004,Journal of Physical Chemistry A 108 (52): 11573-11579 (2004),10.1021/jp046268k,http://dx.doi.org/10.1021/jp046268k,R. Vácha; P. Slavíček; M. Mucha; B. J. Finlayson-Pitts; P. Jungwirth,R. Vácha; M. Mucha; P. Jungwirth,5
From Molecular Insight to Mesoscale Membrane Remodeling: Curvature Generation by Arginine-Rich Cell-Penetrating Peptides,Small Methods,1970,,Small Methods 1970: Early View,10.1002/smtd.202501539,http://dx.doi.org/10.1002/smtd.202501539,K. L. Baxová; J. Koikkara; C. Allolio,K. L. Baxová,3
